CAR_NAME,BRAND,SUB_BRAND,MODAL_YEAR,AMOUNT,FUEL_TYPE,DIS_COVERED,EMI_AMOUNT,Operate
Renault TRIBER,Renault,TRIBER,2020,626000,PETROL,38414,"12,238",MANUAL
Honda Amaze,Honda,Amaze,2018,573000,PETROL,30552,"11,193",MANUAL
Mahindra XUV500,Mahindra,XUV500,2017,996000,DIESEL,51377,"18,949",MANUAL
Hyundai GRAND,Hyundai,GRAND,2021,708000,PETROL,36554,"13,842",AUTOMATIC
Maruti Swift,Maruti,Swift,2013,444000,DIESEL,96413,"14,747",MANUAL
Maruti Swift,Maruti,Swift,2012,463000,PETROL,64557,"15,378",MANUAL
Maruti IGNIS,Maruti,IGNIS,2017,612000,PETROL,22456,"11,965",AUTOMATIC
Renault Duster,Renault,Duster,2018,776000,PETROL,36228,"15,180",AUTOMATIC
Maruti Alto,Maruti,Alto,2017,334000,PETROL,72033,"6,530",MANUAL
Hyundai Grand,Hyundai,Grand,2017,550000,PETROL,31072,"10,751",MANUAL
Maruti Dzire,Maruti,Dzire,2018,609000,PETROL,68309,"11,906",MANUAL
Volkswagen Vento,Volkswagen,Vento,2014,486000,PETROL,52389,"10,811",MANUAL
Maruti Celerio,Maruti,Celerio,2015,413999,PETROL,31672,"8,086",MANUAL
Tata ALTROZ,Tata,ALTROZ,2023,899000,PETROL,5198,"17,112",AUTOMATIC
Hyundai VENUE,Hyundai,VENUE,2020,732000,PETROL,17800,"14,311",MANUAL
Honda City,Honda,City,2013,473000,PETROL,41334,"12,456",MANUAL
Maruti XL6,Maruti,XL6,2022,1069000,PETROL,59304,"20,347",MANUAL
KIA CARENS,KIA,CARENS,2023,1363000,PETROL,10235,"25,943",MANUAL
Tata ALTROZ,Tata,ALTROZ,2020,735000,PETROL,11336,"14,370",MANUAL
Maruti IGNIS,Maruti,IGNIS,2021,524000,PETROL,39945,"10,244",MANUAL
Hyundai Verna,Hyundai,Verna,2020,1288000,DIESEL,60943,"24,516",MANUAL
Maruti Swift,Maruti,Swift,2015,580000,PETROL,30728,"11,339",MANUAL
Maruti Baleno,Maruti,Baleno,2021,715000,PETROL,17079,"13,978",MANUAL
Maruti Dzire,Maruti,Dzire,2018,627000,PETROL,38827,"12,258",MANUAL
Hyundai Eon,Hyundai,Eon,2015,256000,PETROL,71802,"5,005",MANUAL
Hyundai i20,Hyundai,i20,2013,359000,PETROL,80835,"9,454",MANUAL
Volkswagen Polo,Volkswagen,Polo,2014,556000,PETROL,37711,"12,365",MANUAL
Hyundai NEW,Hyundai,NEW,2022,844999,PETROL,38428,"16,084",MANUAL
Hyundai VENUE,Hyundai,VENUE,2022,855000,PETROL,33680,"16,274",MANUAL
MG HECTOR,MG,HECTOR,2020,1490000,PETROL,30801,"28,355",AUTOMATIC
Hyundai i20,Hyundai,i20,2016,604000,PETROL,55034,"11,808",MANUAL
Hyundai Creta,Hyundai,Creta,2019,1240000,PETROL,6606,"23,602",AUTOMATIC
Honda City,Honda,City,2017,784000,PETROL,93542,"15,327",AUTOMATIC
Volkswagen Polo,Volkswagen,Polo,2014,498000,PETROL,46556,"11,078",MANUAL
Toyota Glanza,Toyota,Glanza,2021,802000,PETROL,28290,"15,260",AUTOMATIC
Tata Tiago,Tata,Tiago,2017,450000,PETROL,60536,"8,798",MANUAL
Ford FREESTYLE,Ford,FREESTYLE,2020,596000,PETROL,77236,"11,652",MANUAL
Honda City,Honda,City,2015,552000,PETROL,89537,"10,792",MANUAL
Maruti Ciaz,Maruti,Ciaz,2016,678000,PETROL,68828,"13,263",MANUAL
Honda Amaze,Honda,Amaze,2013,380000,DIESEL,63567,"12,621",MANUAL
Renault Duster,Renault,Duster,2017,723000,PETROL,21357,"14,135",AUTOMATIC
Hyundai Elite,Hyundai,Elite,2019,727000,PETROL,21733,"14,213",MANUAL
Maruti Celerio,Maruti,Celerio,2015,415000,PETROL,13855,"8,113",MANUAL
Maruti Alto,Maruti,Alto,2021,399000,PETROL,22625,"7,801",MANUAL
Nissan Micra,Nissan,Micra,2017,437000,PETROL,50268,"8,543",MANUAL
Honda Brio,Honda,Brio,2013,310000,PETROL,55685,"8,163",MANUAL
Honda Jazz,Honda,Jazz,2021,906000,PETROL,5141,"17,245",AUTOMATIC
Maruti Baleno,Maruti,Baleno,2019,686000,PETROL,65568,"13,411",AUTOMATIC
Maruti Ertiga,Maruti,Ertiga,2015,775000,DIESEL,57858,"17,239",MANUAL
Hyundai Elite,Hyundai,Elite,2019,643000,PETROL,62456,"12,571",MANUAL
Hyundai Elite,Hyundai,Elite,2017,730000,PETROL,35728,"14,272",MANUAL
Tata PUNCH,Tata,PUNCH,2022,813000,PETROL,20447,"15,475",MANUAL
KIA SELTOS,KIA,SELTOS,2019,1407000,DIESEL,24108,"26,781",MANUAL
Maruti Ciaz,Maruti,Ciaz,2018,746000,PETROL,30948,"14,580",MANUAL
Datsun Redi,Datsun,Redi,2018,323000,PETROL,35098,"6,309",MANUAL
Tata Zest,Tata,Zest,2015,480000,DIESEL,79684,"10,677",AUTOMATIC
Honda WR-V,Honda,WR-V,2017,799000,DIESEL,32067,"15,621",MANUAL
Maruti Swift,Maruti,Swift,2015,499000,PETROL,69474,"9,747",MANUAL
Honda Amaze,Honda,Amaze,2017,554000,PETROL,47200,"10,831",MANUAL
Hyundai Grand,Hyundai,Grand,2018,483000,PETROL,26623,"9,439",MANUAL
Hyundai NEW,Hyundai,NEW,2019,480999,PETROL,43255,"9,394",MANUAL
Volkswagen Ameo,Volkswagen,Ameo,2018,675000,DIESEL,63531,"13,196",AUTOMATIC
Maruti S,Maruti,S,2022,486000,PETROL,6410,"9,501",MANUAL
Maruti S,Maruti,S,2020,501999,PETROL,18106,"9,814",AUTOMATIC
Hyundai Elite,Hyundai,Elite,2017,677000,DIESEL,70639,"13,240",MANUAL
Tata Harrier,Tata,Harrier,2022,1739999,DIESEL,49190,"33,119",MANUAL
Mahindra XUV500,Mahindra,XUV500,2018,1401000,DIESEL,63416,"26,667",MANUAL
Honda BR-V,Honda,BR-V,2018,885000,PETROL,81415,"16,845",AUTOMATIC
Tata NEXON,Tata,NEXON,2022,1043000,DIESEL,23036,"19,853",MANUAL
Maruti Ciaz,Maruti,Ciaz,2019,889000,PETROL,29041,"16,921",AUTOMATIC
Maruti Baleno,Maruti,Baleno,2017,670000,PETROL,36274,"13,099",MANUAL
Renault Kwid,Renault,Kwid,2020,426999,PETROL,87693,"8,348",MANUAL
Honda City,Honda,City,2018,861000,PETROL,30539,"16,388",MANUAL
Ford Ecosport,Ford,Ecosport,2016,660000,PETROL,18009,"12,912",MANUAL
Maruti Celerio,Maruti,Celerio,2014,358000,PETROL,27566,"7,953",MANUAL
Honda Jazz,Honda,Jazz,2016,512000,PETROL,62722,"10,010",MANUAL
Maruti Swift,Maruti,Swift,2016,638000,PETROL,57333,"12,479",MANUAL
KIA SELTOS,KIA,SELTOS,2019,1200000,DIESEL,40508,"22,841",MANUAL
Honda Jazz,Honda,Jazz,2017,657000,PETROL,37652,"12,844",AUTOMATIC
Hyundai Creta,Hyundai,Creta,2021,1404000,PETROL,24743,"26,724",MANUAL
Tata ALTROZ,Tata,ALTROZ,2022,899000,PETROL,16221,"17,105",AUTOMATIC
Hyundai Grand,Hyundai,Grand,2017,405000,PETROL,81602,"7,918",MANUAL
Tata TIGOR,Tata,TIGOR,2018,567000,PETROL,57190,"11,080",AUTOMATIC
Maruti Ertiga,Maruti,Ertiga,2013,583000,PETROL,92751,"15,349",MANUAL
Hyundai Creta,Hyundai,Creta,2019,1202000,DIESEL,75395,"22,871",MANUAL
Hyundai VENUE,Hyundai,VENUE,2021,928999,PETROL,52456,"17,688",MANUAL
Hyundai i10,Hyundai,i10,2012,335000,PETROL,57348,"11,124",MANUAL
Hyundai Creta,Hyundai,Creta,2017,1025000,PETROL,40475,"19,510",AUTOMATIC
Maruti Ciaz,Maruti,Ciaz,2017,706000,PETROL,43129,"13,802",MANUAL
Hyundai i20,Hyundai,i20,2013,397000,PETROL,56822,"10,455",AUTOMATIC
Maruti Swift,Maruti,Swift,2014,476999,PETROL,75750,"10,611",MANUAL
Maruti Ertiga,Maruti,Ertiga,2018,1005000,DIESEL,69668,"19,129",MANUAL
KIA SELTOS,KIA,SELTOS,2022,1787000,DIESEL,43707,"34,014",AUTOMATIC
Honda Amaze,Honda,Amaze,2019,727000,PETROL,25138,"14,216",MANUAL
Maruti IGNIS,Maruti,IGNIS,2017,486000,PETROL,79722,"9,501",MANUAL
Renault Duster,Renault,Duster,2017,853999,DIESEL,60774,"16,255",AUTOMATIC
Renault Kwid,Renault,Kwid,2017,378000,PETROL,46878,"7,390",AUTOMATIC
Maruti Celerio,Maruti,Celerio,2014,409000,PETROL,10558,"9,098",AUTOMATIC
Renault Kwid,Renault,Kwid,2016,338000,PETROL,30778,"6,609",MANUAL
Renault Duster,Renault,Duster,2016,852000,DIESEL,41022,"16,217",AUTOMATIC
Honda Brio,Honda,Brio,2015,370000,PETROL,30891,"7,234",MANUAL
Mahindra XUV500,Mahindra,XUV500,2019,1408000,DIESEL,39448,"26,800",AUTOMATIC
Maruti Swift,Maruti,Swift,2016,615000,PETROL,43756,"12,023",MANUAL
Tata Tiago,Tata,Tiago,2019,604000,PETROL,16943,"11,799",AUTOMATIC
Maruti Ciaz,Maruti,Ciaz,2018,701000,DIESEL,80245,"13,705",MANUAL
Maruti Ciaz,Maruti,Ciaz,2018,750000,PETROL,42483,"14,663",MANUAL
Honda City,Honda,City,2017,875000,PETROL,39311,"16,659",AUTOMATIC
Maruti Ciaz,Maruti,Ciaz,2016,620000,PETROL,68199,"12,125",MANUAL
Hyundai Elite,Hyundai,Elite,2016,665000,PETROL,58091,"13,005",MANUAL
Maruti Alto,Maruti,Alto,2022,511000,PETROL,13847,"9,990",MANUAL
KIA SELTOS,KIA,SELTOS,2019,1463000,PETROL,29077,"27,852",AUTOMATIC
Hyundai i10,Hyundai,i10,2013,370000,PETROL,46079,"9,744",MANUAL
Maruti Baleno,Maruti,Baleno,2018,653000,PETROL,36967,"12,762",AUTOMATIC
Hyundai Elite,Hyundai,Elite,2016,664000,PETROL,71258,"12,972",MANUAL
Hyundai GRAND,Hyundai,GRAND,2020,693000,PETROL,27754,"13,548",AUTOMATIC
Maruti Celerio,Maruti,Celerio,2018,517000,PETROL,10280,"10,100",AUTOMATIC
Maruti Celerio,Maruti,Celerio,2018,497000,PETROL,40683,"9,716",AUTOMATIC
Maruti Celerio,Maruti,Celerio,2016,430999,PETROL,63730,"8,420",AUTOMATIC
Maruti Ciaz,Maruti,Ciaz,2016,672000,PETROL,34800,"13,138",MANUAL
Maruti XL6,Maruti,XL6,2022,1269000,PETROL,18659,"24,154",AUTOMATIC
Hyundai Grand,Hyundai,Grand,2015,443000,PETROL,60260,"8,661",MANUAL
KIA SELTOS,KIA,SELTOS,2021,1431000,PETROL,37815,"27,238",MANUAL
Maruti Baleno,Maruti,Baleno,2017,712000,PETROL,22358,"13,920",AUTOMATIC
Hyundai Grand,Hyundai,Grand,2016,547000,PETROL,23731,"10,687",MANUAL
Maruti Celerio,Maruti,Celerio,2017,443000,PETROL,42178,"8,661",MANUAL
Hyundai Elite,Hyundai,Elite,2017,707000,PETROL,26827,"13,822",MANUAL
Maruti Celerio,Maruti,Celerio,2020,581000,PETROL,15808,"11,359",AUTOMATIC
Maruti Baleno,Maruti,Baleno,2017,661000,PETROL,57040,"12,914",MANUAL
Maruti Baleno,Maruti,Baleno,2018,722000,PETROL,19161,"14,115",AUTOMATIC
Maruti Alto,Maruti,Alto,2013,303000,PETROL,24202,"7,979",MANUAL
KIA SONET,KIA,SONET,2023,1518000,PETROL,5703,"28,894",AUTOMATIC
Hyundai Grand,Hyundai,Grand,2017,539000,PETROL,40780,"10,538",MANUAL
Hyundai VENUE,Hyundai,VENUE,2019,1002000,PETROL,21881,"19,066",AUTOMATIC
Tata ALTROZ,Tata,ALTROZ,2021,613000,PETROL,20428,"11,984",MANUAL
Hyundai Santro,Hyundai,Santro,2010,175000,PETROL,79984,"15,549",MANUAL
Maruti Baleno,Maruti,Baleno,2017,585000,PETROL,39585,"11,437",AUTOMATIC
Hyundai NEW,Hyundai,NEW,2021,880000,PETROL,19180,"16,750",AUTOMATIC
Maruti Celerio,Maruti,Celerio,2016,422000,PETROL,39987,"8,250",AUTOMATIC
Hyundai Verna,Hyundai,Verna,2013,419000,DIESEL,103388,"13,928",MANUAL
Maruti Celerio,Maruti,Celerio,2016,497000,PETROL,51729,"9,716",AUTOMATIC
Maruti Alto,Maruti,Alto,2012,256999,PETROL,35084,"8,536",MANUAL
Mahindra Bolero,Mahindra,Bolero,2016,554000,DIESEL,139583,"12,312",MANUAL
Hyundai Grand,Hyundai,Grand,2018,457000,PETROL,60626,"8,934",MANUAL
Maruti Vitara,Maruti,Vitara,2016,557000,DIESEL,80227,"10,895",MANUAL
Tata TIGOR,Tata,TIGOR,2017,458000,PETROL,94257,"8,954",AUTOMATIC
Tata Tiago,Tata,Tiago,2017,461000,PETROL,57920,"9,013",AUTOMATIC
Hyundai Grand,Hyundai,Grand,2015,465000,PETROL,36318,"9,091",MANUAL
Hyundai Grand,Hyundai,Grand,2017,462000,PETROL,72138,"9,032",MANUAL
Hyundai VENUE,Hyundai,VENUE,2019,844000,PETROL,72756,"16,065",AUTOMATIC
Hyundai i20,Hyundai,i20,2013,360000,DIESEL,94514,"11,951",MANUAL
Volkswagen Polo,Volkswagen,Polo,2019,594000,PETROL,18966,"11,613",MANUAL
Hyundai Creta,Hyundai,Creta,2017,953999,PETROL,98493,"18,159",AUTOMATIC
Toyota Camry,Toyota,Camry,2014,916000,PETROL,113336,"19,916",AUTOMATIC
Renault Kwid,Renault,Kwid,2016,308000,PETROL,59775,"6,014",MANUAL
Maruti Baleno,Maruti,Baleno,2022,741000,PETROL,9254,"14,487",MANUAL
Mahindra Bolero,Mahindra,Bolero,2023,1094000,DIESEL,12465,"20,823",MANUAL
Hyundai GRAND,Hyundai,GRAND,2020,584000,PETROL,17849,"11,417",MANUAL
Hyundai Verna,Hyundai,Verna,2013,505999,DIESEL,46332,"16,806",MANUAL
Maruti Ciaz,Maruti,Ciaz,2015,480000,PETROL,83683,"9,384",AUTOMATIC
Volkswagen VIRTUS,Volkswagen,VIRTUS,2023,1578000,PETROL,13967,"30,031",AUTOMATIC
Hyundai i20,Hyundai,i20,2014,422000,PETROL,65562,"9,378",MANUAL
Volkswagen Ameo,Volkswagen,Ameo,2016,475000,PETROL,97869,"9,286",MANUAL
Maruti A,Maruti,A,2010,198000,PETROL,103867,"17,592",MANUAL
Renault Kwid,Renault,Kwid,2016,297000,PETROL,37599,"5,806",MANUAL
Hyundai GRAND,Hyundai,GRAND,2022,586000,PETROL,40038,"11,456",MANUAL
Maruti Celerio,Maruti,Celerio,2018,381000,PETROL,39995,"7,449",MANUAL
Honda Civic,Honda,Civic,2019,1918000,PETROL,20315,"36,507",AUTOMATIC
Maruti Baleno,Maruti,Baleno,2018,722000,DIESEL,82882,"14,115",MANUAL
Volkswagen Polo,Volkswagen,Polo,2015,626000,PETROL,105518,"13,925",AUTOMATIC
Volkswagen Vento,Volkswagen,Vento,2016,475000,PETROL,115178,"10,566",MANUAL
Renault Pulse,Renault,Pulse,2014,292000,DIESEL,83897,"7,689",MANUAL
Tata Tiago,Tata,Tiago,2019,520000,PETROL,35928,"10,166",AUTOMATIC
Datsun Redi,Datsun,Redi,2018,262000,PETROL,62637,"5,122",MANUAL
Maruti S,Maruti,S,2021,368000,PETROL,35273,"7,194",MANUAL
Hyundai Elite,Hyundai,Elite,2015,552000,PETROL,69680,"10,792",MANUAL
Maruti Ertiga,Maruti,Ertiga,2016,784000,DIESEL,94438,"15,320",MANUAL
Tata Zest,Tata,Zest,2015,362000,PETROL,75916,"7,077",MANUAL
Datsun Redi,Datsun,Redi,2019,273000,PETROL,15881,"5,337",MANUAL
Maruti Dzire,Maruti,Dzire,2017,541000,PETROL,48051,"10,577",AUTOMATIC
Hyundai Elite,Hyundai,Elite,2018,567000,PETROL,77073,"11,093",MANUAL
Tata NEXON,Tata,NEXON,2020,878999,PETROL,59565,"16,731",AUTOMATIC
Maruti Swift,Maruti,Swift,2019,640000,PETROL,32730,"12,512",MANUAL
Maruti Swift,Maruti,Swift,2022,851000,PETROL,31459,"16,198",AUTOMATIC
Hyundai i20,Hyundai,i20,2017,779000,DIESEL,39981,"15,230",MANUAL
Honda Amaze,Honda,Amaze,2018,550000,PETROL,54566,"10,753",MANUAL
Hyundai i10,Hyundai,i10,2016,382000,PETROL,48427,"7,468",MANUAL
Nissan Micra,Nissan,Micra,2018,465000,PETROL,24353,"9,091",AUTOMATIC
Renault Kwid,Renault,Kwid,2018,295000,PETROL,45146,"5,767",MANUAL
Hyundai Elite,Hyundai,Elite,2018,687000,PETROL,81961,"13,431",MANUAL
Hyundai i10,Hyundai,i10,2015,335000,PETROL,65097,"6,549",MANUAL
Maruti Dzire,Maruti,Dzire,2017,566000,PETROL,57398,"11,065",AUTOMATIC
Maruti Wagon,Maruti,Wagon,2016,389000,PETROL,40339,"7,605",MANUAL
Jeep Compass,Jeep,Compass,2017,1269000,PETROL,69429,"24,154",AUTOMATIC
MG ASTOR,MG,ASTOR,2022,1598000,PETROL,7459,"30,416",AUTOMATIC
Renault TRIBER,Renault,TRIBER,2019,581000,PETROL,50945,"11,359",MANUAL
Honda Jazz,Honda,Jazz,2015,446000,PETROL,60512,"8,725",MANUAL
Maruti Vitara,Maruti,Vitara,2020,943000,PETROL,50421,"17,944",AUTOMATIC
Hyundai i10,Hyundai,i10,2013,302000,PETROL,78126,"7,953",AUTOMATIC
Maruti Swift,Maruti,Swift,2016,560000,PETROL,53462,"10,943",MANUAL
Honda Amaze,Honda,Amaze,2019,662000,PETROL,22419,"12,942",MANUAL
Hyundai Elite,Hyundai,Elite,2019,792000,PETROL,23570,"15,484",AUTOMATIC
Hyundai i10,Hyundai,i10,2012,323000,PETROL,36577,"10,732",MANUAL
Jeep Compass,Jeep,Compass,2018,1233000,PETROL,26635,"23,469",MANUAL
Maruti Vitara,Maruti,Vitara,2017,697000,DIESEL,109407,"15,504",MANUAL
Maruti OMNI,Maruti,OMNI,2014,273000,PETROL,64243,"6,073",MANUAL
Hyundai GRAND,Hyundai,GRAND,2022,764000,CNG,16247,"14,930",MANUAL
Hyundai Creta,Hyundai,Creta,2022,1757000,PETROL,20634,"33,435",AUTOMATIC
Hyundai i20,Hyundai,i20,2011,246000,PETROL,89386,"11,580",MANUAL
Hyundai Elite,Hyundai,Elite,2017,615000,PETROL,29254,"12,023",MANUAL
Skoda KUSHAQ,Skoda,KUSHAQ,2022,1742000,PETROL,18748,"33,157",AUTOMATIC
Hyundai Verna,Hyundai,Verna,2014,534000,DIESEL,89332,"14,062",MANUAL
Hyundai GRAND,Hyundai,GRAND,2019,582000,PETROL,87055,"11,378",MANUAL
MG HECTOR,MG,HECTOR,2020,1531000,PETROL,18683,"29,144",MANUAL
Toyota YARIS,Toyota,YARIS,2019,869999,PETROL,42324,"16,560",MANUAL
Honda City,Honda,City,2022,1267000,PETROL,17703,"24,116",AUTOMATIC
Hyundai VENUE,Hyundai,VENUE,2019,796000,PETROL,69173,"15,562",MANUAL
Volkswagen Polo,Volkswagen,Polo,2015,629000,PETROL,85287,"12,297",AUTOMATIC
Hyundai i20,Hyundai,i20,2012,385000,DIESEL,84002,"18,123",MANUAL
Mahindra Thar,Mahindra,Thar,2021,1432000,PETROL,52188,"27,257",AUTOMATIC
Honda City,Honda,City,2015,585000,PETROL,37511,"11,430",AUTOMATIC
Mahindra Thar,Mahindra,Thar,2021,1408000,PETROL,54460,"26,800",AUTOMATIC
Maruti Swift,Maruti,Swift,2011,360000,DIESEL,110407,"31,986",MANUAL
Maruti Ciaz,Maruti,Ciaz,2016,596000,PETROL,75940,"11,652",MANUAL
Maruti Celerio,Maruti,Celerio,2015,363000,PETROL,46241,"7,097",MANUAL
Skoda Rapid,Skoda,Rapid,2012,346000,PETROL,80616,"11,492",MANUAL
Tata Tiago,Tata,Tiago,2021,630000,PETROL,35406,"12,317",MANUAL
Hyundai GRAND,Hyundai,GRAND,2021,641000,PETROL,37258,"12,532",MANUAL
Hyundai i20,Hyundai,i20,2015,566000,DIESEL,86615,"12,590",MANUAL
Hyundai Grand,Hyundai,Grand,2018,520000,PETROL,65464,"10,166",MANUAL
Ford Ecosport,Ford,Ecosport,2016,564000,PETROL,49017,"11,026",MANUAL
Tata Zest,Tata,Zest,2014,372000,DIESEL,96667,"9,796",AUTOMATIC
Maruti Ritz,Maruti,Ritz,2011,374000,DIESEL,72644,"33,229",MANUAL
Honda City,Honda,City,2020,1088000,PETROL,30951,"20,709",MANUAL
Renault Kwid,Renault,Kwid,2019,362000,PETROL,46779,"7,077",MANUAL
Maruti Celerio,Maruti,Celerio,2017,455999,PETROL,37599,"8,915",MANUAL
Hyundai Creta,Hyundai,Creta,2016,819999,PETROL,54309,"15,608",MANUAL
Hyundai AURA,Hyundai,AURA,2020,680000,PETROL,23213,"13,294",AUTOMATIC
Tata NEXON,Tata,NEXON,2020,835000,PETROL,67069,"15,885",MANUAL
Honda Jazz,Honda,Jazz,2019,620000,PETROL,20269,"12,117",MANUAL
Maruti Celerio,Maruti,Celerio,2021,566000,PETROL,22245,"11,065",MANUAL
Honda Amaze,Honda,Amaze,2020,697000,PETROL,33889,"13,626",MANUAL
Ford Ecosport,Ford,Ecosport,2016,513000,PETROL,106057,"11,411",MANUAL
Honda City,Honda,City,2014,459999,PETROL,120786,"10,232",MANUAL
Renault Duster,Renault,Duster,2017,625000,PETROL,48000,"12,219",MANUAL
Skoda KUSHAQ,Skoda,KUSHAQ,2021,1483000,PETROL,38566,"28,228",MANUAL
Tata ALTROZ,Tata,ALTROZ,2020,687000,PETROL,40143,"13,431",MANUAL
Tata ALTROZ,Tata,ALTROZ,2022,897000,PETROL,6161,"17,074",AUTOMATIC
Maruti Ciaz,Maruti,Ciaz,2015,549000,DIESEL,87856,"12,212",MANUAL
Renault Kwid,Renault,Kwid,2019,471000,PETROL,23998,"9,208",AUTOMATIC
Hyundai Grand,Hyundai,Grand,2014,388000,PETROL,82706,"8,631",AUTOMATIC
Tata Tiago,Tata,Tiago,2017,438999,PETROL,94294,"8,583",AUTOMATIC
KIA SONET,KIA,SONET,2023,890000,PETROL,21630,"16,940",MANUAL
Hyundai Elite,Hyundai,Elite,2016,690000,PETROL,36174,"13,490",MANUAL
Hyundai i20,Hyundai,i20,2011,318000,PETROL,111350,"14,981",MANUAL
Tata Tiago,Tata,Tiago,2018,528000,PETROL,21979,"10,323",AUTOMATIC
Hyundai Creta,Hyundai,Creta,2018,907000,PETROL,57288,"17,264",MANUAL
Hyundai Verna,Hyundai,Verna,2018,797000,PETROL,60087,"15,582",MANUAL
Tata TIGOR,Tata,TIGOR,2018,520000,PETROL,70793,"10,166",AUTOMATIC
Tata Harrier,Tata,Harrier,2021,1430000,DIESEL,28570,"27,219",AUTOMATIC
Hyundai Creta,Hyundai,Creta,2017,890000,PETROL,80561,"16,947",AUTOMATIC
Hyundai Verna,Hyundai,Verna,2013,450000,PETROL,59998,"11,850",MANUAL
Honda Brio,Honda,Brio,2016,373000,PETROL,79289,"7,292",MANUAL
Datsun Redi,Datsun,Redi,2020,336000,PETROL,39739,"6,569",MANUAL
Skoda Rapid,Skoda,Rapid,2021,831000,PETROL,53234,"15,817",MANUAL
Hyundai GRAND,Hyundai,GRAND,2021,699000,PETROL,31259,"13,666",AUTOMATIC
Renault Kwid,Renault,Kwid,2017,311000,PETROL,62303,"6,080",MANUAL
Hyundai VENUE,Hyundai,VENUE,2023,1096000,PETROL,9717,"20,861",MANUAL
MG HECTOR,MG,HECTOR,2020,1493000,PETROL,39915,"28,418",MANUAL
Hyundai Elite,Hyundai,Elite,2016,559000,PETROL,36748,"10,929",MANUAL
Volkswagen Vento,Volkswagen,Vento,2010,306000,PETROL,71366,"27,188",MANUAL
Maruti Celerio,Maruti,Celerio,2018,438999,PETROL,41806,"8,590",MANUAL
Hyundai i10,Hyundai,i10,2011,218000,PETROL,130587,"10,262",MANUAL
Honda City,Honda,City,2012,390000,PETROL,116738,"12,954",MANUAL
Hyundai Grand,Hyundai,Grand,2015,374000,PETROL,100708,"8,319",MANUAL
Hyundai Verna,Hyundai,Verna,2018,730000,DIESEL,117994,"16,243",MANUAL
Volkswagen Polo,Volkswagen,Polo,2019,688000,PETROL,45905,"13,451",MANUAL
Volkswagen Vento,Volkswagen,Vento,2017,723000,PETROL,38945,"14,135",AUTOMATIC
Maruti Ciaz,Maruti,Ciaz,2017,504000,PETROL,94757,"9,853",MANUAL
Hyundai AURA,Hyundai,AURA,2020,624000,PETROL,21521,"12,207",MANUAL
Maruti Omni,Maruti,Omni,2012,242000,PETROL,37089,"8,045",MANUAL
Renault Duster,Renault,Duster,2019,892000,DIESEL,69084,"16,973",AUTOMATIC
Renault Kwid,Renault,Kwid,2021,500000,PETROL,31053,"9,775",AUTOMATIC
Maruti Swift,Maruti,Swift,2014,522000,DIESEL,109999,"13,742",MANUAL
Maruti Swift,Maruti,Swift,2013,372000,DIESEL,93871,"12,352",MANUAL
Tata NEXON,Tata,NEXON,2017,779000,PETROL,17466,"15,230",MANUAL
Hyundai GRAND,Hyundai,GRAND,2020,625000,PETROL,17472,"12,219",MANUAL
Hyundai i20,Hyundai,i20,2012,379000,DIESEL,115681,"17,841",MANUAL
Hyundai Creta,Hyundai,Creta,2019,1070000,PETROL,60704,"20,366",MANUAL
Maruti Swift,Maruti,Swift,2017,515000,PETROL,77191,"10,068",MANUAL
Maruti IGNIS,Maruti,IGNIS,2021,617000,PETROL,31951,"12,062",AUTOMATIC
Hyundai Creta,Hyundai,Creta,2016,768000,PETROL,76040,"15,015",MANUAL
Maruti Swift,Maruti,Swift,2016,564000,PETROL,86301,"11,026",MANUAL
Ford FREESTYLE,Ford,FREESTYLE,2018,538000,PETROL,66103,"10,518",MANUAL
Mahindra XUV500,Mahindra,XUV500,2015,911000,DIESEL,75492,"19,807",MANUAL
Maruti New,Maruti,New,2019,552000,PETROL,30598,"10,792",AUTOMATIC
Maruti Ciaz,Maruti,Ciaz,2015,639000,PETROL,25381,"12,493",MANUAL
Tata NEXON,Tata,NEXON,2022,996000,PETROL,15785,"18,958",MANUAL
Maruti Alto,Maruti,Alto,2019,331000,PETROL,39868,"6,473",MANUAL
Hyundai Verna,Hyundai,Verna,2018,846000,PETROL,32982,"16,097",MANUAL
Hyundai Creta,Hyundai,Creta,2020,1515000,PETROL,32794,"28,837",AUTOMATIC
Tata ALTROZ,Tata,ALTROZ,2021,593000,PETROL,31073,"11,593",MANUAL
Hyundai New,Hyundai,New,2019,1534000,PETROL,14129,"29,198",AUTOMATIC
Maruti Wagon,Maruti,Wagon,2017,424000,PETROL,36404,"8,289",AUTOMATIC
Volkswagen Ameo,Volkswagen,Ameo,2017,560000,DIESEL,66643,"10,948",AUTOMATIC
Maruti Vitara,Maruti,Vitara,2016,779000,DIESEL,60503,"15,230",MANUAL
Maruti Swift,Maruti,Swift,2017,563000,PETROL,37343,"11,007",MANUAL
Jeep Compass,Jeep,Compass,2019,1461000,DIESEL,92908,"27,805",MANUAL
Hyundai Grand,Hyundai,Grand,2016,372000,PETROL,82571,"7,273",MANUAL
Maruti Swift,Maruti,Swift,2011,322000,PETROL,86282,"15,158",MANUAL
Maruti Swift,Maruti,Swift,2016,515000,PETROL,44499,"10,075",MANUAL
Hyundai i20,Hyundai,i20,2017,586000,PETROL,69694,"11,456",MANUAL
Datsun Go,Datsun,Go,2019,430999,PETROL,70260,"8,426",AUTOMATIC
Datsun Redi,Datsun,Redi,2018,299000,PETROL,54687,"5,846",AUTOMATIC
Hyundai i20,Hyundai,i20,2011,323000,PETROL,52325,"15,205",MANUAL
Maruti IGNIS,Maruti,IGNIS,2017,465000,PETROL,95525,"9,091",AUTOMATIC
Skoda KUSHAQ,Skoda,KUSHAQ,2021,1304000,PETROL,17310,"24,811",AUTOMATIC
Hyundai Elite,Hyundai,Elite,2019,669000,PETROL,51792,"13,079",MANUAL
Honda City,Honda,City,2019,919000,PETROL,55227,"17,492",MANUAL
Honda Amaze,Honda,Amaze,2016,509000,PETROL,43434,"9,954",MANUAL
Honda Amaze,Honda,Amaze,2014,385000,PETROL,109589,"8,564",MANUAL
Maruti Swift,Maruti,Swift,2011,355000,PETROL,61266,"16,711",MANUAL
Maruti Baleno,Maruti,Baleno,2022,772000,PETROL,34474,"15,093",MANUAL
Datsun Redi,Datsun,Redi,2019,265000,PETROL,66264,"5,181",MANUAL
MG HECTOR,MG,HECTOR,2021,1507000,DIESEL,127904,"32,766",MANUAL
Honda City,Honda,City,2012,386000,PETROL,110307,"12,821",AUTOMATIC
Honda City,Honda,City,2022,1452000,PETROL,9928,"27,637",AUTOMATIC
Hyundai ALCAZAR,Hyundai,ALCAZAR,2022,1889000,PETROL,11009,"35,955",AUTOMATIC
Ford FREESTYLE,Ford,FREESTYLE,2018,576000,PETROL,50067,"11,261",MANUAL
Maruti Swift,Maruti,Swift,2020,740000,PETROL,38807,"14,467",AUTOMATIC
Hyundai Creta,Hyundai,Creta,2016,826000,PETROL,69273,"15,722",MANUAL
Honda WR-V,Honda,WR-V,2018,704000,PETROL,22231,"13,756",MANUAL
Renault Kwid,Renault,Kwid,2019,355000,PETROL,64671,"6,940",MANUAL
Hyundai i10,Hyundai,i10,2013,311000,PETROL,34376,"8,190",MANUAL
Honda Civic,Honda,Civic,2019,1796000,PETROL,32601,"34,185",AUTOMATIC
Hyundai VENUE,Hyundai,VENUE,2019,817000,PETROL,52244,"15,551",AUTOMATIC
Renault Duster,Renault,Duster,2018,717000,PETROL,31875,"14,017",AUTOMATIC
Maruti Wagon,Maruti,Wagon,2011,245000,PETROL,53178,"11,533",MANUAL
Maruti Alto,Maruti,Alto,2023,515000,PETROL,8882,"10,068",MANUAL
KIA SONET,KIA,SONET,2022,951000,PETROL,14811,"18,105",MANUAL
Honda WR-V,Honda,WR-V,2017,647000,PETROL,46215,"12,642",MANUAL
Volkswagen Polo,Volkswagen,Polo,2016,713000,PETROL,67884,"13,939",AUTOMATIC
Hyundai VENUE,Hyundai,VENUE,2022,864000,PETROL,18184,"16,445",MANUAL
Maruti Ertiga,Maruti,Ertiga,2022,1254000,PETROL,29126,"23,869",AUTOMATIC
Honda Amaze,Honda,Amaze,2023,898000,PETROL,10391,"17,093",AUTOMATIC
Mahindra XUV300,Mahindra,XUV300,2019,1024000,DIESEL,64772,"19,491",MANUAL
Hyundai Grand,Hyundai,Grand,2014,408000,PETROL,44032,"9,076",AUTOMATIC
Maruti XL6,Maruti,XL6,2021,1101000,PETROL,38819,"20,957",AUTOMATIC
Renault Duster,Renault,Duster,2020,800000,PETROL,26233,"15,227",MANUAL
Honda City,Honda,City,2014,566000,PETROL,73554,"12,590",MANUAL
Hyundai Grand,Hyundai,Grand,2018,505000,PETROL,92759,"9,873",MANUAL
Maruti Ertiga,Maruti,Ertiga,2023,1179000,PETROL,7989,"22,441",MANUAL
Hyundai Verna,Hyundai,Verna,2015,633000,PETROL,32301,"12,383",AUTOMATIC
MG HECTOR,MG,HECTOR,2021,1698000,PETROL,31138,"32,320",AUTOMATIC
Tata TIGOR,Tata,TIGOR,2020,656000,PETROL,27603,"12,820",MANUAL
Tata Tiago,Tata,Tiago,2017,450000,PETROL,45575,"8,798",MANUAL
Mahindra XUV500,Mahindra,XUV500,2021,1796000,DIESEL,28305,"34,185",MANUAL
Tata NEXON,Tata,NEXON,2020,994999,PETROL,59046,"18,939",AUTOMATIC
Maruti Swift,Maruti,Swift,2018,609000,PETROL,26638,"11,906",MANUAL
Maruti New,Maruti,New,2021,501000,PETROL,42481,"9,795",MANUAL
Volkswagen Vento,Volkswagen,Vento,2014,530000,PETROL,85997,"11,790",MANUAL
Honda Brio,Honda,Brio,2016,386000,PETROL,53924,"7,546",MANUAL
Ford Ecosport,Ford,Ecosport,2019,786000,PETROL,47130,"15,366",AUTOMATIC
Hyundai Creta,Hyundai,Creta,2018,1217000,DIESEL,40746,"23,164",MANUAL
Maruti New,Maruti,New,2023,646000,PETROL,2896,"12,623",MANUAL
Skoda Rapid,Skoda,Rapid,2021,1131000,PETROL,41125,"21,528",AUTOMATIC
Hyundai i10,Hyundai,i10,2016,416000,PETROL,16798,"8,133",MANUAL
Maruti Swift,Maruti,Swift,2013,411000,PETROL,59700,"10,833",MANUAL
Renault Kwid,Renault,Kwid,2019,449000,PETROL,11581,"8,768",AUTOMATIC
Hyundai Creta,Hyundai,Creta,2016,873000,PETROL,97183,"16,617",AUTOMATIC
Jeep Compass,Jeep,Compass,2018,1426000,DIESEL,80713,"27,143",MANUAL
Renault Kwid,Renault,Kwid,2019,425000,PETROL,20725,"8,312",MANUAL
Maruti Ciaz,Maruti,Ciaz,2020,770000,PETROL,52878,"15,050",MANUAL
Hyundai NEW,Hyundai,NEW,2019,466000,PETROL,55677,"9,110",MANUAL
Maruti Swift,Maruti,Swift,2018,620000,PETROL,57341,"12,121",AUTOMATIC
Volkswagen TAIGUN,Volkswagen,TAIGUN,2022,1443000,PETROL,15979,"27,472",MANUAL
Tata PUNCH,Tata,PUNCH,2022,856000,PETROL,26123,"16,293",AUTOMATIC
Renault TRIBER,Renault,TRIBER,2019,610000,PETROL,57625,"11,926",MANUAL
Hyundai GRAND,Hyundai,GRAND,2020,673000,DIESEL,39250,"13,157",MANUAL
Ford Ecosport,Ford,Ecosport,2016,639000,DIESEL,52176,"12,493",MANUAL
Maruti New,Maruti,New,2019,523000,PETROL,67526,"10,225",AUTOMATIC
Maruti Celerio,Maruti,Celerio,2017,466000,PETROL,35997,"9,110",AUTOMATIC
Hyundai GRAND,Hyundai,GRAND,2019,659000,PETROL,18462,"12,875",AUTOMATIC
Hyundai AURA,Hyundai,AURA,2022,794000,PETROL,9393,"15,523",AUTOMATIC
Hyundai i10,Hyundai,i10,2012,296000,PETROL,75384,"9,843",MANUAL
Renault Duster,Renault,Duster,2020,1082000,PETROL,46385,"20,601",AUTOMATIC
Tata NEXON,Tata,NEXON,2020,883000,PETROL,54623,"16,807",MANUAL
Renault Kwid,Renault,Kwid,2022,544000,PETROL,19430,"10,641",AUTOMATIC
Hyundai GRAND,Hyundai,GRAND,2020,623000,PETROL,9281,"12,180",MANUAL
Renault Kwid,Renault,Kwid,2022,554000,PETROL,16120,"10,831",MANUAL
MG HECTOR,MG,HECTOR,2020,1532000,DIESEL,63301,"29,160",MANUAL
Toyota Etios,Toyota,Etios,2012,362000,DIESEL,123224,"17,041",MANUAL
Volkswagen Vento,Volkswagen,Vento,2016,666000,PETROL,72451,"13,027",AUTOMATIC
Renault Kwid,Renault,Kwid,2020,474000,PETROL,19574,"9,260",MANUAL
Mahindra XUV300,Mahindra,XUV300,2019,1063000,DIESEL,18346,"20,229",MANUAL
Honda City,Honda,City,2020,1214000,PETROL,36093,"23,107",AUTOMATIC
Mahindra XUV300,Mahindra,XUV300,2020,725000,PETROL,19881,"14,174",MANUAL
Mahindra XUV300,Mahindra,XUV300,2021,966000,DIESEL,29924,"18,387",MANUAL
Hyundai Santro,Hyundai,Santro,2011,245000,PETROL,55224,"11,533",MANUAL
Tata NEXON,Tata,NEXON,2019,861999,DIESEL,60079,"16,407",AUTOMATIC
Datsun Redi,Datsun,Redi,2021,397000,PETROL,15513,"7,761",MANUAL
Renault Duster,Renault,Duster,2017,645000,PETROL,61457,"12,618",AUTOMATIC
Hyundai Grand,Hyundai,Grand,2014,429000,PETROL,61541,"9,543",AUTOMATIC
Hyundai Creta,Hyundai,Creta,2017,801000,PETROL,55852,"15,246",MANUAL
Maruti Baleno,Maruti,Baleno,2021,667000,PETROL,32596,"13,040",AUTOMATIC
Maruti Swift,Maruti,Swift,2012,380000,PETROL,104807,"12,621",MANUAL
Hyundai i20,Hyundai,i20,2011,306000,PETROL,65841,"14,404",MANUAL
Hyundai Creta,Hyundai,Creta,2015,835000,DIESEL,106215,"18,155",AUTOMATIC
Honda Jazz,Honda,Jazz,2019,625000,PETROL,45905,"12,219",MANUAL
Renault Kwid,Renault,Kwid,2021,472000,PETROL,41705,"9,228",MANUAL
Hyundai i10,Hyundai,i10,2011,269000,PETROL,43583,"12,663",MANUAL
Hyundai Grand,Hyundai,Grand,2017,542000,PETROL,21223,"10,589",MANUAL
Hyundai Elite,Hyundai,Elite,2017,613000,PETROL,82689,"11,976",MANUAL
Renault Kwid,Renault,Kwid,2022,421000,PETROL,36615,"8,231",AUTOMATIC
Maruti Swift,Maruti,Swift,2021,693000,PETROL,10637,"13,548",MANUAL
Mahindra XUV300,Mahindra,XUV300,2022,998000,PETROL,14205,"18,996",AUTOMATIC
Renault TRIBER,Renault,TRIBER,2022,686000,PETROL,35860,"13,411",AUTOMATIC
Hyundai Verna,Hyundai,Verna,2017,760000,PETROL,58359,"14,866",AUTOMATIC
Hyundai Grand,Hyundai,Grand,2019,553000,PETROL,51615,"10,803",MANUAL
Hyundai Tucson,Hyundai,Tucson,2019,1241000,PETROL,31249,"23,614",MANUAL
Renault Kwid,Renault,Kwid,2017,350000,PETROL,45079,"6,841",MANUAL
Maruti Baleno,Maruti,Baleno,2019,775000,PETROL,34783,"15,159",AUTOMATIC
Hyundai Creta,Hyundai,Creta,2016,840000,PETROL,92043,"15,989",MANUAL
Datsun Redi,Datsun,Redi,2018,315000,PETROL,42955,"6,158",MANUAL
Hyundai GRAND,Hyundai,GRAND,2020,599000,PETROL,21438,"11,711",MANUAL
Renault Kwid,Renault,Kwid,2017,329000,PETROL,89552,"6,432",AUTOMATIC
Hyundai Creta,Hyundai,Creta,2017,950000,PETROL,18538,"18,082",MANUAL
Renault Kwid,Renault,Kwid,2022,466000,PETROL,31621,"9,110",MANUAL
KIA CARENS,KIA,CARENS,2023,1655999,PETROL,5126,"31,520",MANUAL
Maruti Swift,Maruti,Swift,2013,411000,PETROL,106215,"10,823",MANUAL
Tata NEXON,Tata,NEXON,2022,1152000,DIESEL,31035,"21,927",MANUAL
Honda Jazz,Honda,Jazz,2017,529000,PETROL,68331,"10,342",AUTOMATIC
Renault Kwid,Renault,Kwid,2018,361000,PETROL,52734,"7,058",AUTOMATIC
Hyundai i10,Hyundai,i10,2014,294000,PETROL,82502,"6,551",MANUAL
Maruti Swift,Maruti,Swift,2014,572000,DIESEL,89284,"15,063",MANUAL
Hyundai Verna,Hyundai,Verna,2018,913000,PETROL,15912,"17,378",MANUAL
Renault Kwid,Renault,Kwid,2019,409999,PETROL,24330,"8,010",MANUAL
Hyundai Verna,Hyundai,Verna,2021,1332000,PETROL,26940,"25,353",AUTOMATIC
Renault Kwid,Renault,Kwid,2018,357000,PETROL,47928,"6,989",MANUAL
Maruti S,Maruti,S,2019,404000,PETROL,35153,"7,892",MANUAL
Renault Duster,Renault,Duster,2014,596000,DIESEL,105355,"15,695",MANUAL
Mahindra XUV500,Mahindra,XUV500,2018,1051000,DIESEL,80292,"19,999",MANUAL
Hyundai Grand,Hyundai,Grand,2018,518000,PETROL,13259,"10,133",MANUAL
Renault Kwid,Renault,Kwid,2019,409999,PETROL,11341,"8,016",MANUAL
Hyundai Verna,Hyundai,Verna,2016,768000,DIESEL,65029,"15,015",MANUAL
Tata Tiago,Tata,Tiago,2023,773000,PETROL,2280,"15,112",AUTOMATIC
Honda Brio,Honda,Brio,2014,363000,PETROL,87590,"8,075",MANUAL
Hyundai Elite,Hyundai,Elite,2017,643000,PETROL,23793,"12,564",MANUAL
Renault Duster,Renault,Duster,2019,821000,DIESEL,80160,"15,627",MANUAL
Renault Kwid,Renault,Kwid,2021,462000,PETROL,10015,"9,032",AUTOMATIC
Maruti Swift,Maruti,Swift,2011,367000,PETROL,64003,"17,287",MANUAL
Maruti Alto,Maruti,Alto,2014,252999,PETROL,99832,"5,628",MANUAL
Maruti Ciaz,Maruti,Ciaz,2020,980000,PETROL,12867,"18,648",AUTOMATIC
Hyundai GRAND,Hyundai,GRAND,2021,752000,PETROL,30588,"14,702",AUTOMATIC
Maruti Swift,Maruti,Swift,2012,413000,DIESEL,110904,"19,441",MANUAL
Honda Brio,Honda,Brio,2014,383000,PETROL,93107,"8,520",AUTOMATIC
Renault Kwid,Renault,Kwid,2020,473000,PETROL,17546,"9,252",AUTOMATIC
Hyundai Creta,Hyundai,Creta,2019,1124000,PETROL,44370,"21,401",AUTOMATIC
Renault Kwid,Renault,Kwid,2020,523000,PETROL,38494,"10,225",AUTOMATIC
Maruti Wagon,Maruti,Wagon,2013,295000,PETROL,97830,"7,768",MANUAL
Hyundai i20,Hyundai,i20,2014,478000,PETROL,57769,"10,633",MANUAL
Honda Amaze,Honda,Amaze,2016,421000,PETROL,51836,"8,231",MANUAL
Hyundai Verna,Hyundai,Verna,2012,436000,PETROL,88309,"14,481",MANUAL
KIA SONET,KIA,SONET,2022,1106000,DIESEL,22691,"21,047",MANUAL
Mahindra XUV500,Mahindra,XUV500,2016,1043000,DIESEL,56575,"19,861",MANUAL
Renault Duster,Renault,Duster,2017,691000,PETROL,67614,"13,512",MANUAL
Maruti Wagon,Maruti,Wagon,2011,267000,PETROL,79484,"12,587",MANUAL
Hyundai i20,Hyundai,i20,2019,711000,PETROL,73607,"13,900",MANUAL
KIA CARENS,KIA,CARENS,2022,1644000,PETROL,15145,"31,292",MANUAL
Maruti Wagon,Maruti,Wagon,2016,398000,PETROL,44237,"7,781",AUTOMATIC
Hyundai GRAND,Hyundai,GRAND,2022,698000,PETROL,17693,"13,646",MANUAL
Honda City,Honda,City,2017,758000,PETROL,124446,"16,861",AUTOMATIC
Tata NEXON,Tata,NEXON,2019,799000,PETROL,59737,"15,621",AUTOMATIC
Renault Kwid,Renault,Kwid,2021,462000,PETROL,41535,"9,032",MANUAL
Renault Kwid,Renault,Kwid,2020,451000,PETROL,18244,"8,810",MANUAL
Hyundai VENUE,Hyundai,VENUE,2022,905000,PETROL,9802,"17,226",MANUAL
Renault Kwid,Renault,Kwid,2021,472000,PETROL,24474,"9,228",AUTOMATIC
Hyundai i20,Hyundai,i20,2012,369000,DIESEL,83337,"17,370",MANUAL
Mahindra XUV300,Mahindra,XUV300,2022,1126000,PETROL,11682,"21,424",AUTOMATIC
Hyundai Creta,Hyundai,Creta,2016,841000,PETROL,89371,"16,008",MANUAL
Maruti Celerio,Maruti,Celerio,2019,501999,PETROL,27215,"9,810",AUTOMATIC
Maruti Ciaz,Maruti,Ciaz,2018,765000,PETROL,50334,"14,956",AUTOMATIC
Maruti IGNIS,Maruti,IGNIS,2017,473000,PETROL,47285,"9,247",MANUAL
Hyundai i10,Hyundai,i10,2012,273000,PETROL,56699,"9,068",MANUAL
Maruti Dzire,Maruti,Dzire,2017,593000,PETROL,105779,"13,191",AUTOMATIC
Maruti New,Maruti,New,2020,525000,PETROL,66530,"10,267",MANUAL
Hyundai VENUE,Hyundai,VENUE,2019,886000,PETROL,43922,"16,865",AUTOMATIC
Hyundai Creta,Hyundai,Creta,2016,924000,DIESEL,93290,"17,587",AUTOMATIC
Honda City,Honda,City,2016,525000,PETROL,111638,"11,678",MANUAL
Hyundai i10,Hyundai,i10,2013,349000,PETROL,55303,"9,191",MANUAL
KIA CARENS,KIA,CARENS,2022,1635000,PETROL,10776,"31,115",MANUAL
Hyundai Santro,Hyundai,Santro,2011,248000,PETROL,78152,"11,674",MANUAL
Hyundai Creta,Hyundai,Creta,2016,844000,DIESEL,58014,"16,065",MANUAL
Honda Jazz,Honda,Jazz,2015,547000,PETROL,48627,"10,694",AUTOMATIC
Hyundai i10,Hyundai,i10,2011,258000,PETROL,91035,"12,145",MANUAL
KIA CARENS,KIA,CARENS,2022,1585000,PETROL,20460,"30,169",MANUAL
Hyundai Grand,Hyundai,Grand,2017,476999,PETROL,40581,"9,325",MANUAL
Mahindra XUV500,Mahindra,XUV500,2020,1584000,DIESEL,59594,"30,150",AUTOMATIC
Hyundai Creta,Hyundai,Creta,2019,1128000,PETROL,43448,"21,470",AUTOMATIC
Maruti Swift,Maruti,Swift,2021,719000,PETROL,13228,"14,057",MANUAL
Hyundai Creta,Hyundai,Creta,2016,852999,PETROL,48665,"16,236",MANUAL
Renault Kwid,Renault,Kwid,2018,397000,PETROL,37091,"7,771",AUTOMATIC
Hyundai NEW,Hyundai,NEW,2019,509999,PETROL,52278,"9,971",AUTOMATIC
Maruti Celerio,Maruti,Celerio,2018,437000,PETROL,69515,"8,543",MANUAL
Renault Kwid,Renault,Kwid,2021,556000,PETROL,29584,"10,870",AUTOMATIC
Tata NEXON,Tata,NEXON,2022,1150000,DIESEL,14434,"21,883",MANUAL
Hyundai Creta,Hyundai,Creta,2016,802999,PETROL,105587,"17,459",MANUAL
Renault Kwid,Renault,Kwid,2021,529000,PETROL,14078,"10,342",AUTOMATIC
Volkswagen Vento,Volkswagen,Vento,2016,705000,PETROL,57895,"13,791",AUTOMATIC
Honda City,Honda,City,2017,893000,PETROL,42019,"16,995",AUTOMATIC
Renault Kwid,Renault,Kwid,2017,312000,PETROL,48581,"6,100",MANUAL
Maruti Swift,Maruti,Swift,2012,459999,PETROL,23960,"15,279",MANUAL
Tata NEXON,Tata,NEXON,2018,806000,DIESEL,90759,"15,341",AUTOMATIC
Renault Kwid,Renault,Kwid,2019,387000,PETROL,23550,"7,572",MANUAL
Renault Kwid,Renault,Kwid,2023,640000,PETROL,6308,"12,512",AUTOMATIC
Maruti Alto,Maruti,Alto,2015,345000,PETROL,32214,"6,745",AUTOMATIC
Renault Duster,Renault,Duster,2016,767000,DIESEL,51829,"14,990",MANUAL
KIA SONET,KIA,SONET,2020,1170000,DIESEL,52562,"22,277",AUTOMATIC
Maruti S,Maruti,S,2020,433000,PETROL,36650,"8,465",MANUAL
Hyundai Elite,Hyundai,Elite,2016,544000,PETROL,65656,"10,643",MANUAL
Maruti IGNIS,Maruti,IGNIS,2017,466000,PETROL,56427,"9,101",MANUAL
Mahindra XUV300,Mahindra,XUV300,2021,1043000,PETROL,7931,"19,853",AUTOMATIC
Honda Amaze,Honda,Amaze,2019,761000,DIESEL,49663,"14,878",AUTOMATIC
Datsun Redi,Datsun,Redi,2020,412000,PETROL,16537,"8,063",AUTOMATIC
Volkswagen TIGUAN,Volkswagen,TIGUAN,2017,1798999,DIESEL,88461,"34,237",AUTOMATIC
Mahindra XUV500,Mahindra,XUV500,2018,1206000,DIESEL,85256,"22,963",MANUAL
Maruti Swift,Maruti,Swift,2018,697000,PETROL,64747,"13,626",MANUAL
Hyundai VENUE,Hyundai,VENUE,2022,1081000,PETROL,21422,"20,576",MANUAL
Renault Kwid,Renault,Kwid,2017,329000,PETROL,35566,"6,432",AUTOMATIC
Maruti Swift,Maruti,Swift,2015,538000,PETROL,66341,"10,518",MANUAL
Hyundai Grand,Hyundai,Grand,2016,505999,PETROL,65458,"9,892",MANUAL
Maruti Ciaz,Maruti,Ciaz,2019,740000,PETROL,12567,"14,467",MANUAL
Hyundai Grand,Hyundai,Grand,2014,440000,PETROL,83346,"9,788",AUTOMATIC
KIA SELTOS,KIA,SELTOS,2022,1209000,PETROL,9536,"23,012",MANUAL
Tata NEXON,Tata,NEXON,2022,1263000,PETROL,13619,"24,040",AUTOMATIC
Renault Duster,Renault,Duster,2019,687000,PETROL,40229,"13,431",MANUAL
Hyundai Eon,Hyundai,Eon,2015,302000,PETROL,22557,"5,904",MANUAL
Renault TRIBER,Renault,TRIBER,2023,767000,PETROL,20080,"14,990",MANUAL
Maruti Wagon,Maruti,Wagon,2015,346000,PETROL,49078,"6,768",MANUAL
Hyundai VENUE,Hyundai,VENUE,2022,1170000,DIESEL,14280,"22,270",MANUAL
Hyundai Creta,Hyundai,Creta,2019,1140000,PETROL,28264,"21,699",AUTOMATIC
Maruti Baleno,Maruti,Baleno,2017,646000,PETROL,48247,"12,639",MANUAL
Hyundai Santro,Hyundai,Santro,2011,296000,PETROL,49805,"13,934",MANUAL
Maruti Alto,Maruti,Alto,2017,392000,PETROL,13628,"7,664",MANUAL
Maruti Swift,Maruti,Swift,2018,647000,PETROL,44996,"12,659",AUTOMATIC
Maruti Alto,Maruti,Alto,2016,369000,PETROL,30851,"7,214",AUTOMATIC
Renault TRIBER,Renault,TRIBER,2019,616000,PETROL,70228,"12,050",MANUAL
Maruti Alto,Maruti,Alto,2023,543000,PETROL,5654,"10,613",MANUAL
Tata TIGOR,Tata,TIGOR,2021,654000,PETROL,53454,"12,791",MANUAL
Mahindra XUV300,Mahindra,XUV300,2021,1059000,PETROL,6528,"20,158",MANUAL
Mahindra XUV300,Mahindra,XUV300,2023,938000,PETROL,6978,"17,854",MANUAL
Renault Kwid,Renault,Kwid,2021,436000,PETROL,26104,"8,524",MANUAL
Maruti Dzire,Maruti,Dzire,2018,666000,PETROL,38445,"13,020",MANUAL
Tata NEXON,Tata,NEXON,2022,1151000,PETROL,30058,"21,911",MANUAL
Hyundai NEW,Hyundai,NEW,2021,540000,PETROL,23972,"10,557",MANUAL
Renault Kwid,Renault,Kwid,2019,425000,PETROL,45725,"8,309",MANUAL
Renault Kwid,Renault,Kwid,2022,530000,PETROL,13364,"10,370",MANUAL
Honda City,Honda,City,2012,413999,PETROL,87836,"13,752",MANUAL
Tata NEXON,Tata,NEXON,2020,1018000,PETROL,38575,"19,377",AUTOMATIC
Hyundai Grand,Hyundai,Grand,2014,420000,DIESEL,54106,"11,048",MANUAL
Hyundai Xcent,Hyundai,Xcent,2015,411000,PETROL,69271,"8,035",MANUAL
Honda Brio,Honda,Brio,2012,285000,PETROL,143991,"9,466",MANUAL
Maruti Ciaz,Maruti,Ciaz,2014,560000,DIESEL,86623,"14,747",MANUAL
Maruti Alto,Maruti,Alto,2011,216000,PETROL,109991,"10,152",MANUAL
Nissan Micra,Nissan,Micra,2017,526000,PETROL,35474,"10,283",AUTOMATIC
Hyundai Elite,Hyundai,Elite,2016,664000,PETROL,55254,"12,972",MANUAL
Hyundai NEW,Hyundai,NEW,2022,1031000,PETROL,12885,"19,624",AUTOMATIC
Tata NEXON,Tata,NEXON,2022,1219000,PETROL,28971,"23,203",AUTOMATIC
Hyundai Creta,Hyundai,Creta,2017,981000,PETROL,42546,"18,672",AUTOMATIC
Maruti New,Maruti,New,2019,561000,PETROL,16796,"10,968",AUTOMATIC
Maruti S,Maruti,S,2021,482000,PETROL,31209,"9,415",MANUAL
Ford Ecosport,Ford,Ecosport,2018,787000,PETROL,36331,"15,386",MANUAL
Honda Jazz,Honda,Jazz,2017,594000,PETROL,34743,"11,605",MANUAL
Hyundai ALCAZAR,Hyundai,ALCAZAR,2021,1676000,PETROL,12485,"31,901",AUTOMATIC
MG HECTOR,MG,HECTOR,2021,1619000,PETROL,13989,"30,816",MANUAL
Hyundai Eon,Hyundai,Eon,2016,303000,PETROL,44873,"5,924",MANUAL
Renault Duster,Renault,Duster,2014,598000,DIESEL,73314,"15,748",MANUAL
Ford Ecosport,Ford,Ecosport,2013,516000,DIESEL,74790,"17,139",MANUAL
Renault Kwid,Renault,Kwid,2017,339000,PETROL,70817,"6,628",MANUAL
Tata PUNCH,Tata,PUNCH,2023,944000,PETROL,7511,"17,974",AUTOMATIC
Hyundai Eon,Hyundai,Eon,2017,322000,PETROL,36950,"6,295",MANUAL
Volkswagen Polo,Volkswagen,Polo,2016,698000,PETROL,87457,"13,646",AUTOMATIC
Renault Kwid,Renault,Kwid,2018,407000,PETROL,19178,"7,957",AUTOMATIC
Tata Zest,Tata,Zest,2016,440000,PETROL,80078,"8,602",MANUAL
Maruti New,Maruti,New,2019,591000,PETROL,13515,"11,554",AUTOMATIC
Honda Amaze,Honda,Amaze,2018,676000,DIESEL,79803,"13,216",AUTOMATIC
Hyundai GRAND,Hyundai,GRAND,2021,734000,PETROL,10826,"14,353",AUTOMATIC
Skoda Rapid,Skoda,Rapid,2013,468000,PETROL,67426,"12,324",MANUAL
Honda City,Honda,City,2015,651000,PETROL,83630,"12,727",AUTOMATIC
Maruti Swift,Maruti,Swift,2016,545000,PETROL,65555,"10,660",MANUAL
Jeep Compass,Jeep,Compass,2018,1424000,PETROL,42770,"27,105",AUTOMATIC
Tata NEXON,Tata,NEXON,2020,877000,PETROL,45321,"16,693",MANUAL
Hyundai i20,Hyundai,i20,2013,366000,PETROL,96431,"9,646",MANUAL
Toyota Etios,Toyota,Etios,2011,315000,PETROL,100303,"14,828",MANUAL
Maruti IGNIS,Maruti,IGNIS,2017,546000,PETROL,68890,"10,674",AUTOMATIC
Hyundai Grand,Hyundai,Grand,2018,465000,PETROL,103142,"10,344",MANUAL
Maruti Celerio,Maruti,Celerio,2023,650000,PETROL,17052,"12,708",AUTOMATIC
Maruti Celerio,Maruti,Celerio,2018,479000,PETROL,43407,"9,365",AUTOMATIC
Renault Kwid,Renault,Kwid,2021,459999,PETROL,32862,"9,002",MANUAL
Honda City,Honda,City,2018,971000,PETROL,29977,"18,482",AUTOMATIC
Skoda Rapid,Skoda,Rapid,2017,902000,DIESEL,95524,"17,167",AUTOMATIC
Maruti Ciaz,Maruti,Ciaz,2022,1044999,PETROL,14772,"19,891",MANUAL
Maruti Baleno,Maruti,Baleno,2016,559000,PETROL,47679,"10,926",MANUAL
Renault Kwid,Renault,Kwid,2019,455000,PETROL,35567,"8,895",AUTOMATIC
Honda Amaze,Honda,Amaze,2018,621000,PETROL,86555,"12,141",MANUAL
Hyundai Creta,Hyundai,Creta,2016,877999,PETROL,60817,"16,712",MANUAL
Ford Ecosport,Ford,Ecosport,2016,664000,PETROL,50785,"12,983",AUTOMATIC
Maruti Baleno,Maruti,Baleno,2017,699000,PETROL,23573,"13,659",MANUAL
Hyundai GRAND,Hyundai,GRAND,2020,643000,PETROL,49849,"12,571",MANUAL
Hyundai Grand,Hyundai,Grand,2014,405999,PETROL,40479,"9,027",MANUAL
Hyundai Grand,Hyundai,Grand,2018,559000,PETROL,44868,"10,925",AUTOMATIC
Renault Kwid,Renault,Kwid,2021,459999,PETROL,3748,"9,002",MANUAL
Maruti Baleno,Maruti,Baleno,2022,739000,PETROL,43431,"14,448",AUTOMATIC
Mahindra XUV300,Mahindra,XUV300,2019,984000,DIESEL,41999,"18,722",AUTOMATIC
Maruti Swift,Maruti,Swift,2012,512000,PETROL,36201,"17,006",MANUAL
Maruti Dzire,Maruti,Dzire,2017,665000,PETROL,67275,"13,001",AUTOMATIC
Hyundai Grand,Hyundai,Grand,2016,434999,PETROL,70403,"8,504",MANUAL
Hyundai NEW,Hyundai,NEW,2019,534000,PETROL,21868,"10,436",MANUAL
Volkswagen Vento,Volkswagen,Vento,2016,648000,PETROL,88166,"12,669",AUTOMATIC
Hyundai AURA,Hyundai,AURA,2020,691000,PETROL,41269,"13,509",MANUAL
Maruti Celerio,Maruti,Celerio,2017,423000,PETROL,113666,"9,409",AUTOMATIC
Volkswagen Ameo,Volkswagen,Ameo,2016,547000,PETROL,54327,"10,694",MANUAL
Honda City,Honda,City,2012,419000,PETROL,57296,"13,917",MANUAL
Honda City,Honda,City,2019,1007000,PETROL,32479,"19,167",AUTOMATIC
Maruti Swift,Maruti,Swift,2016,584000,PETROL,92616,"11,417",MANUAL
Hyundai Verna,Hyundai,Verna,2014,507000,PETROL,107887,"11,278",AUTOMATIC
Renault Kwid,Renault,Kwid,2017,353000,PETROL,21138,"6,901",MANUAL
Maruti S,Maruti,S,2022,476000,PETROL,11295,"9,299",MANUAL
KIA SELTOS,KIA,SELTOS,2021,1494000,DIESEL,39132,"28,437",MANUAL
Maruti Ciaz,Maruti,Ciaz,2017,639000,PETROL,73371,"12,493",AUTOMATIC
Renault Kwid,Renault,Kwid,2019,490000,PETROL,17107,"9,580",AUTOMATIC
Renault Kwid,Renault,Kwid,2017,360000,PETROL,55810,"7,046",AUTOMATIC
Maruti Wagon,Maruti,Wagon,2016,405999,PETROL,30478,"7,937",MANUAL
Tata Tiago,Tata,Tiago,2021,614000,PETROL,26041,"12,004",MANUAL
Honda City,Honda,City,2013,438999,PETROL,89796,"11,561",MANUAL
Hyundai Grand,Hyundai,Grand,2017,553000,PETROL,47224,"10,811",AUTOMATIC
Ford Ecosport,Ford,Ecosport,2016,608000,PETROL,77820,"11,881",MANUAL
Renault Kwid,Renault,Kwid,2023,592000,PETROL,1994,"11,578",MANUAL
Tata NEXON,Tata,NEXON,2022,1261000,DIESEL,14871,"24,002",MANUAL
KIA CARENS,KIA,CARENS,2022,1586000,PETROL,40953,"30,188",MANUAL
Maruti Ciaz,Maruti,Ciaz,2019,908000,PETROL,41774,"17,283",AUTOMATIC
Honda Jazz,Honda,Jazz,2017,581000,PETROL,55531,"11,359",MANUAL
Maruti New,Maruti,New,2022,635000,PETROL,27743,"12,414",AUTOMATIC
Honda WR-V,Honda,WR-V,2020,781000,PETROL,74928,"15,269",MANUAL
Maruti Baleno,Maruti,Baleno,2016,607000,PETROL,56956,"11,867",MANUAL
Mahindra XUV500,Mahindra,XUV500,2014,653000,DIESEL,119125,"17,194",MANUAL
Maruti Baleno,Maruti,Baleno,2016,620000,PETROL,29641,"12,122",MANUAL
Honda Amaze,Honda,Amaze,2019,770000,DIESEL,54392,"15,054",AUTOMATIC
Hyundai Creta,Hyundai,Creta,2017,925000,PETROL,68811,"17,607",MANUAL
Maruti Ertiga,Maruti,Ertiga,2015,718000,PETROL,46440,"14,037",MANUAL
Nissan Micra,Nissan,Micra,2018,380000,PETROL,33048,"7,429",MANUAL
Tata TIAGO,Tata,TIAGO,2023,789000,PETROL,7402,"15,425",AUTOMATIC
Nissan Terrano,Nissan,Terrano,2013,451000,PETROL,101262,"11,877",MANUAL
Honda Brio,Honda,Brio,2012,288000,PETROL,74427,"9,552",MANUAL
Hyundai Creta,Hyundai,Creta,2019,1087000,PETROL,58130,"20,690",AUTOMATIC
Maruti Celerio,Maruti,Celerio,2021,602000,PETROL,45807,"11,772",AUTOMATIC
Hyundai i20,Hyundai,i20,2014,450000,PETROL,40194,"10,012",MANUAL
Maruti Swift,Maruti,Swift,2014,463000,PETROL,71516,"10,292",MANUAL
Honda Amaze,Honda,Amaze,2016,440000,PETROL,73832,"8,602",MANUAL
Hyundai Grand,Hyundai,Grand,2013,380000,PETROL,98718,"10,007",MANUAL
Maruti New,Maruti,New,2022,624000,PETROL,8524,"12,194",MANUAL
Hyundai Grand,Hyundai,Grand,2015,409000,PETROL,93513,"7,996",MANUAL
Maruti Ciaz,Maruti,Ciaz,2018,733000,PETROL,49559,"14,330",MANUAL
Mahindra XUV500,Mahindra,XUV500,2020,1445000,DIESEL,18556,"27,504",MANUAL
Maruti Dzire,Maruti,Dzire,2022,860000,PETROL,24567,"16,369",AUTOMATIC
Maruti Dzire,Maruti,Dzire,2022,848000,PETROL,9369,"16,138",AUTOMATIC
Honda City,Honda,City,2011,347000,PETROL,68165,"16,334",MANUAL
Maruti Ritz,Maruti,Ritz,2013,347000,PETROL,75497,"9,138",MANUAL
Hyundai Verna,Hyundai,Verna,2016,801000,DIESEL,69384,"15,246",MANUAL
Hyundai VENUE,Hyundai,VENUE,2021,932000,PETROL,25798,"17,740",MANUAL
Maruti Swift,Maruti,Swift,2013,441000,PETROL,27532,"11,625",MANUAL
Maruti Dzire,Maruti,Dzire,2017,713000,DIESEL,77413,"13,939",AUTOMATIC
Renault TRIBER,Renault,TRIBER,2021,708000,PETROL,16146,"13,842",AUTOMATIC
Hyundai Verna,Hyundai,Verna,2012,430000,DIESEL,123296,"20,242",MANUAL
KIA SONET,KIA,SONET,2022,1209000,PETROL,16176,"23,012",AUTOMATIC
Renault Kwid,Renault,Kwid,2021,482000,PETROL,15159,"9,427",MANUAL
Maruti New,Maruti,New,2023,700000,PETROL,8230,"13,685",AUTOMATIC
Honda City,Honda,City,2017,790000,PETROL,76529,"15,445",AUTOMATIC
Maruti Swift,Maruti,Swift,2018,606000,PETROL,29219,"11,847",AUTOMATIC
Hyundai AURA,Hyundai,AURA,2020,693000,PETROL,39864,"13,548",MANUAL
Tata NEXON,Tata,NEXON,2020,956000,PETROL,54568,"18,197",AUTOMATIC
Maruti Dzire,Maruti,Dzire,2017,698000,DIESEL,89319,"13,641",AUTOMATIC
Maruti New,Maruti,New,2020,581000,PETROL,15178,"11,359",MANUAL
Maruti Ciaz,Maruti,Ciaz,2016,592000,PETROL,87285,"11,574",AUTOMATIC
Maruti Swift,Maruti,Swift,2014,516000,PETROL,56168,"11,478",MANUAL
Ford FREESTYLE,Ford,FREESTYLE,2018,606000,PETROL,32842,"11,854",MANUAL
Hyundai GRAND,Hyundai,GRAND,2019,659000,PETROL,35148,"12,875",AUTOMATIC
Maruti Alto,Maruti,Alto,2021,408000,PETROL,28158,"7,976",MANUAL
Honda Jazz,Honda,Jazz,2012,342000,PETROL,35444,"11,373",MANUAL
Maruti Alto,Maruti,Alto,2023,580000,PETROL,6675,"11,339",AUTOMATIC
Maruti Ertiga,Maruti,Ertiga,2012,635000,DIESEL,113536,"29,892",MANUAL
Maruti Alto,Maruti,Alto,2020,405000,PETROL,2598,"7,918",MANUAL
Hyundai Grand,Hyundai,Grand,2016,523000,PETROL,41208,"10,225",MANUAL
Hyundai Elite,Hyundai,Elite,2017,652000,PETROL,51852,"12,747",MANUAL
Tata Safari,Tata,Safari,2021,2043000,DIESEL,13787,"38,887",AUTOMATIC
Nissan Micra,Nissan,Micra,2016,505999,PETROL,68447,"9,892",AUTOMATIC
Maruti S,Maruti,S,2021,458000,PETROL,34267,"8,954",MANUAL
Honda Amaze,Honda,Amaze,2018,706000,PETROL,59863,"13,812",AUTOMATIC
Honda BR-V,Honda,BR-V,2018,802000,PETROL,37010,"15,265",MANUAL
Ford Ecosport,Ford,Ecosport,2018,798000,DIESEL,47693,"15,601",MANUAL
KIA SONET,KIA,SONET,2022,1411000,DIESEL,18623,"26,857",AUTOMATIC
Hyundai Elite,Hyundai,Elite,2017,683000,PETROL,32241,"13,344",MANUAL
Tata Safari,Tata,Safari,2022,2247000,DIESEL,15681,"42,770",AUTOMATIC
Maruti Ciaz,Maruti,Ciaz,2020,877000,PETROL,44980,"16,693",AUTOMATIC
Maruti Swift,Maruti,Swift,2017,615000,PETROL,51421,"12,016",MANUAL
Maruti Ritz,Maruti,Ritz,2014,376000,PETROL,73631,"8,371",MANUAL
Honda Jazz,Honda,Jazz,2016,550000,PETROL,54782,"10,746",MANUAL
Tata NEXON,Tata,NEXON,2021,1033000,PETROL,19430,"19,662",MANUAL
Tata NEXON,Tata,NEXON,2022,1038000,PETROL,31940,"19,757",AUTOMATIC
Skoda Rapid,Skoda,Rapid,2021,1019999,PETROL,50295,"19,415",AUTOMATIC
Hyundai Grand,Hyundai,Grand,2016,434000,PETROL,63572,"8,485",MANUAL
Renault Kwid,Renault,Kwid,2023,613000,PETROL,3996,"11,984",AUTOMATIC
Renault Duster,Renault,Duster,2019,897000,DIESEL,47106,"17,066",AUTOMATIC
Hyundai Grand,Hyundai,Grand,2016,518000,PETROL,27464,"10,127",MANUAL
Maruti Wagon,Maruti,Wagon,2017,482000,PETROL,44109,"9,423",AUTOMATIC
Honda Brio,Honda,Brio,2013,362000,PETROL,41346,"9,533",MANUAL
Tata NEXON,Tata,NEXON,2022,1190000,PETROL,26350,"22,651",AUTOMATIC
Maruti IGNIS,Maruti,IGNIS,2021,758000,PETROL,29003,"14,825",AUTOMATIC
Hyundai Grand,Hyundai,Grand,2017,438000,PETROL,69760,"8,563",MANUAL
Maruti Ciaz,Maruti,Ciaz,2016,578000,PETROL,96520,"11,300",AUTOMATIC
Maruti Swift,Maruti,Swift,2016,497000,PETROL,97896,"9,709",MANUAL
Hyundai AURA,Hyundai,AURA,2020,810000,DIESEL,49985,"15,418",AUTOMATIC
Hyundai Creta,Hyundai,Creta,2017,877000,PETROL,52427,"16,684",MANUAL
Honda Jazz,Honda,Jazz,2017,635000,PETROL,57291,"12,414",AUTOMATIC
Nissan Micra,Nissan,Micra,2014,337000,PETROL,82542,"7,485",AUTOMATIC
Maruti Wagon,Maruti,Wagon,2015,401000,PETROL,38523,"7,840",AUTOMATIC
Hyundai Verna,Hyundai,Verna,2014,521000,PETROL,46423,"11,589",MANUAL
Maruti Baleno,Maruti,Baleno,2017,594000,PETROL,81548,"11,619",MANUAL
Tata NEXON,Tata,NEXON,2021,1146000,PETROL,28606,"21,813",AUTOMATIC
Hyundai GRAND,Hyundai,GRAND,2020,684000,PETROL,14274,"13,366",AUTOMATIC
Hyundai Xcent,Hyundai,Xcent,2015,444000,PETROL,71143,"8,680",MANUAL
Tata PUNCH,Tata,PUNCH,2022,896000,PETROL,15486,"17,055",AUTOMATIC
Maruti Wagon,Maruti,Wagon,2013,329000,PETROL,76286,"8,664",MANUAL
Renault Kwid,Renault,Kwid,2017,364000,PETROL,33582,"7,116",MANUAL
Maruti Celerio,Maruti,Celerio,2015,416000,PETROL,33709,"8,133",AUTOMATIC
Maruti Celerio,Maruti,Celerio,2018,426000,PETROL,93813,"8,328",MANUAL
Tata NEXON,Tata,NEXON,2022,1168000,PETROL,24386,"22,232",MANUAL
Maruti Baleno,Maruti,Baleno,2019,723000,PETROL,36932,"14,139",MANUAL
Hyundai Creta,Hyundai,Creta,2018,942000,PETROL,66956,"17,930",AUTOMATIC
Tata NEXON,Tata,NEXON,2022,1162000,PETROL,15617,"22,118",AUTOMATIC
Hyundai Eon,Hyundai,Eon,2014,254000,PETROL,97619,"5,650",MANUAL
Tata Safari,Tata,Safari,2022,2003000,DIESEL,39627,"38,125",MANUAL
Renault Duster,Renault,Duster,2014,623000,DIESEL,64937,"16,406",MANUAL
Maruti Swift,Maruti,Swift,2016,570000,PETROL,74061,"11,144",MANUAL
Renault Kwid,Renault,Kwid,2018,373000,PETROL,48905,"7,294",MANUAL
Mahindra XUV300,Mahindra,XUV300,2021,1123000,DIESEL,38811,"21,369",MANUAL
Hyundai i20,Hyundai,i20,2014,443000,PETROL,69425,"9,854",MANUAL
Mahindra XUV300,Mahindra,XUV300,2019,1023000,DIESEL,35712,"19,480",MANUAL
Hyundai Xcent,Hyundai,Xcent,2014,1668000,PETROL,72810,"31,756",MANUAL
KIA CARENS,KIA,CARENS,2022,802999,PETROL,20581,"17,459",MANUAL
Mahindra XUV500,Mahindra,XUV500,2015,560000,DIESEL,86773,"10,953",MANUAL
Hyundai NEW,Hyundai,NEW,2022,650000,PETROL,19934,"12,703",MANUAL
Hyundai Elite,Hyundai,Elite,2017,623000,PETROL,43170,"12,180",MANUAL
Maruti Celerio,Maruti,Celerio,2022,527000,PETROL,9778,"10,302",AUTOMATIC
Maruti Celerio,Maruti,Celerio,2019,1361000,PETROL,28264,"25,905",AUTOMATIC
KIA SELTOS,KIA,SELTOS,2020,474000,DIESEL,54526,"12,482",AUTOMATIC
Honda City,Honda,City,2013,538000,PETROL,71720,"10,513",MANUAL
Maruti Ciaz,Maruti,Ciaz,2015,637000,PETROL,97889,"14,170",MANUAL
Maruti Baleno,Maruti,Baleno,2015,517000,DIESEL,63916,"10,107",MANUAL
Hyundai Grand,Hyundai,Grand,2016,580000,PETROL,49862,"11,344",MANUAL
Renault Kwid,Renault,Kwid,2023,1165000,PETROL,1768,"22,175",MANUAL
KIA SONET,KIA,SONET,2022,1873999,PETROL,19669,"35,670",MANUAL
MG HECTOR,MG,HECTOR,2021,428000,PETROL,14065,"8,367",AUTOMATIC
Maruti Celerio,Maruti,Celerio,2018,833000,PETROL,95626,"15,855",AUTOMATIC
Honda Jazz,Honda,Jazz,2020,867000,PETROL,43340,"16,503",MANUAL
Hyundai Creta,Hyundai,Creta,2016,471000,PETROL,94859,"9,208",AUTOMATIC
Hyundai Grand,Hyundai,Grand,2016,413999,PETROL,93065,"8,094",AUTOMATIC
Renault Kwid,Renault,Kwid,2019,557000,PETROL,24491,"10,883",MANUAL
Hyundai Grand,Hyundai,Grand,2018,791000,PETROL,31709,"15,464",MANUAL
Maruti Dzire,Maruti,Dzire,2022,849000,PETROL,16023,"16,160",AUTOMATIC
Maruti Ciaz,Maruti,Ciaz,2020,1125000,PETROL,70110,"21,413",AUTOMATIC
Honda City,Honda,City,2020,357000,PETROL,41750,"6,979",AUTOMATIC
Renault Kwid,Renault,Kwid,2017,451000,PETROL,30823,"10,032",MANUAL
Maruti Swift,Maruti,Swift,2014,1209000,PETROL,122178,"23,012",MANUAL
KIA SONET,KIA,SONET,2022,1049000,PETROL,11338,"19,959",MANUAL
Mahindra XUV300,Mahindra,XUV300,2019,685000,DIESEL,53460,"13,391",MANUAL
Renault TRIBER,Renault,TRIBER,2020,660000,PETROL,19907,"12,909",AUTOMATIC
Maruti Baleno,Maruti,Baleno,2017,634000,PETROL,67549,"12,395",MANUAL
Renault Kwid,Renault,Kwid,2023,676000,PETROL,1343,"13,216",AUTOMATIC
Volkswagen Vento,Volkswagen,Vento,2016,1616000,PETROL,80842,"30,759",AUTOMATIC
Maruti Grand,Maruti,Grand,2022,875000,PETROL,14358,"16,659",MANUAL
Hyundai NEW,Hyundai,NEW,2021,486000,PETROL,26797,"10,811",MANUAL
Hyundai Grand,Hyundai,Grand,2014,1786000,PETROL,12047,"33,998",AUTOMATIC
Skoda KUSHAQ,Skoda,KUSHAQ,2022,663000,PETROL,20282,"12,960",AUTOMATIC
Ford Ecosport,Ford,Ecosport,2017,1800000,PETROL,56954,"34,269",MANUAL
Hyundai Creta,Hyundai,Creta,2021,500000,PETROL,21027,"9,775",AUTOMATIC
Renault Kwid,Renault,Kwid,2020,565000,PETROL,18336,"12,577",AUTOMATIC
Maruti Ciaz,Maruti,Ciaz,2015,1078000,PETROL,104650,"20,509",MANUAL
KIA SELTOS,KIA,SELTOS,2019,551000,PETROL,51695,"10,765",MANUAL
Hyundai Grand,Hyundai,Grand,2018,567000,PETROL,11853,"11,085",MANUAL
Maruti Alto,Maruti,Alto,2023,1464000,PETROL,3136,"27,866",AUTOMATIC
KIA SELTOS,KIA,SELTOS,2019,625000,PETROL,36872,"13,903",AUTOMATIC
Renault Duster,Renault,Duster,2015,735000,DIESEL,67386,"19,352",MANUAL
Mahindra XUV500,Mahindra,XUV500,2014,673000,DIESEL,87735,"13,157",MANUAL
Maruti Celerio,Maruti,Celerio,2021,1236000,PETROL,20754,"23,526",AUTOMATIC
KIA SELTOS,KIA,SELTOS,2019,777000,PETROL,43392,"15,194",AUTOMATIC
Tata TIAGO,Tata,TIAGO,2023,609000,PETROL,2370,"11,914",AUTOMATIC
Hyundai Elite,Hyundai,Elite,2016,633000,PETROL,89398,"16,679",MANUAL
Maruti Ertiga,Maruti,Ertiga,2013,483000,PETROL,51980,"9,442",MANUAL
Honda Amaze,Honda,Amaze,2016,369000,PETROL,47097,"7,214",MANUAL
Nissan Micra,Nissan,Micra,2015,1643000,PETROL,59365,"31,273",MANUAL
Mahindra XUV500,Mahindra,XUV500,2018,531000,DIESEL,36626,"10,381",AUTOMATIC
Hyundai Grand,Hyundai,Grand,2016,350000,PETROL,15069,"6,843",MANUAL
Hyundai Eon,Hyundai,Eon,2018,436000,PETROL,57966,"8,524",MANUAL
Hyundai Grand,Hyundai,Grand,2015,352000,PETROL,41548,"16,570",MANUAL
Maruti Swift,Maruti,Swift,2011,562000,PETROL,96506,"10,993",MANUAL
Hyundai Grand,Hyundai,Grand,2018,458000,PETROL,45828,"8,954",AUTOMATIC
Hyundai Grand,Hyundai,Grand,2015,457000,PETROL,80575,"8,934",AUTOMATIC
Hyundai NEW,Hyundai,NEW,2019,699000,PETROL,43454,"13,666",MANUAL
Maruti Baleno,Maruti,Baleno,2019,1207000,PETROL,24160,"22,974",MANUAL
KIA SONET,KIA,SONET,2022,913000,PETROL,14039,"17,378",MANUAL
Hyundai Verna,Hyundai,Verna,2018,549000,PETROL,61288,"10,728",AUTOMATIC
Hyundai Grand,Hyundai,Grand,2016,381000,PETROL,24183,"7,449",MANUAL
Hyundai Eon,Hyundai,Eon,2017,546000,PETROL,33963,"10,666",MANUAL
Maruti Swift,Maruti,Swift,2016,433000,PETROL,69995,"14,388",MANUAL
Maruti Swift,Maruti,Swift,2013,388000,DIESEL,97837,"12,871",MANUAL
Maruti Swift,Maruti,Swift,2012,731000,PETROL,97699,"14,291",MANUAL
Hyundai Elite,Hyundai,Elite,2016,647000,DIESEL,79701,"12,658",MANUAL
Honda WR-V,Honda,WR-V,2017,771000,PETROL,46533,"15,073",MANUAL
Maruti Ciaz,Maruti,Ciaz,2020,352000,PETROL,60741,"16,570",MANUAL
Maruti Swift,Maruti,Swift,2011,1669000,PETROL,104553,"31,768",MANUAL
Tata Harrier,Tata,Harrier,2020,449000,DIESEL,68859,"8,778",AUTOMATIC
Renault Kwid,Renault,Kwid,2019,587000,PETROL,17650,"15,458",AUTOMATIC
Renault Duster,Renault,Duster,2014,599000,DIESEL,82606,"11,711",MANUAL
Hyundai Grand,Hyundai,Grand,2019,362000,PETROL,73192,"7,077",AUTOMATIC
Nissan Micra,Nissan,Micra,2016,465000,PETROL,87764,"9,091",MANUAL
Maruti Celerio,Maruti,Celerio,2016,483000,PETROL,43855,"9,442",AUTOMATIC
Hyundai NEW,Hyundai,NEW,2019,1160000,PETROL,33811,"22,075",MANUAL
Tata NEXON,Tata,NEXON,2022,268000,PETROL,11001,"7,044",AUTOMATIC
Hyundai Eon,Hyundai,Eon,2013,391000,PETROL,59056,"7,654",MANUAL
Maruti Celerio,Maruti,Celerio,2016,670000,PETROL,36837,"13,099",MANUAL
Maruti Baleno,Maruti,Baleno,2017,967000,PETROL,54225,"18,406",MANUAL
Hyundai VENUE,Hyundai,VENUE,2021,664000,PETROL,16920,"12,981",MANUAL
Renault Duster,Renault,Duster,2016,498000,PETROL,58909,"9,736",MANUAL
Maruti Swift,Maruti,Swift,2015,934000,PETROL,40348,"17,778",MANUAL
Hyundai VENUE,Hyundai,VENUE,2019,834000,PETROL,34996,"15,874",MANUAL
Hyundai Verna,Hyundai,Verna,2018,343000,PETROL,44659,"16,146",MANUAL
Maruti Swift,Maruti,Swift,2011,1155000,PETROL,57051,"21,984",MANUAL
Hyundai Creta,Hyundai,Creta,2019,1209000,PETROL,51652,"23,012",AUTOMATIC
Hyundai Creta,Hyundai,Creta,2019,1044999,PETROL,37657,"19,887",AUTOMATIC
Hyundai VENUE,Hyundai,VENUE,2021,1514000,PETROL,17981,"28,818",MANUAL
KIA SELTOS,KIA,SELTOS,2022,629000,PETROL,39295,"12,297",AUTOMATIC
Maruti Ciaz,Maruti,Ciaz,2016,229000,PETROL,66695,"10,769",AUTOMATIC
Maruti Alto,Maruti,Alto,2011,716000,PETROL,74886,"13,994",MANUAL
Skoda Rapid,Skoda,Rapid,2016,1253000,PETROL,35390,"23,850",AUTOMATIC
Mahindra XUV500,Mahindra,XUV500,2018,661000,DIESEL,67919,"12,923",AUTOMATIC
Maruti Ciaz,Maruti,Ciaz,2016,408000,DIESEL,60384,"7,976",MANUAL
Maruti Wagon,Maruti,Wagon,2016,372000,PETROL,38333,"8,275",AUTOMATIC
Maruti Celerio,Maruti,Celerio,2014,781000,PETROL,71320,"20,567",AUTOMATIC
Mahindra XUV500,Mahindra,XUV500,2014,823000,DIESEL,94593,"15,661",MANUAL
Maruti Baleno,Maruti,Baleno,2021,1054000,PETROL,26477,"20,062",AUTOMATIC
Honda City,Honda,City,2019,666000,PETROL,33869,"13,020",AUTOMATIC
Maruti Dzire,Maruti,Dzire,2018,730000,PETROL,19437,"14,272",MANUAL
Maruti Ciaz,Maruti,Ciaz,2018,828999,PETROL,45811,"15,779",MANUAL
Hyundai Verna,Hyundai,Verna,2018,607000,PETROL,55600,"11,876",MANUAL
Maruti Celerio,Maruti,Celerio,2021,1837000,PETROL,20405,"34,966",AUTOMATIC
KIA SELTOS,KIA,SELTOS,2022,644000,DIESEL,28064,"12,592",AUTOMATIC
Hyundai Elite,Hyundai,Elite,2017,504000,PETROL,39866,"9,853",MANUAL
Hyundai Grand,Hyundai,Grand,2017,663000,PETROL,60620,"12,962",MANUAL
Hyundai GRAND,Hyundai,GRAND,2019,808000,PETROL,36365,"15,376",AUTOMATIC
Honda City,Honda,City,2017,1159000,PETROL,70058,"22,060",AUTOMATIC
KIA SONET,KIA,SONET,2022,461000,PETROL,11162,"9,009",MANUAL
Maruti S,Maruti,S,2020,1254000,PETROL,18350,"23,869",AUTOMATIC
KIA SONET,KIA,SONET,2022,919000,DIESEL,21176,"19,981",MANUAL
Hyundai Creta,Hyundai,Creta,2016,906000,DIESEL,113873,"17,245",AUTOMATIC
Renault Duster,Renault,Duster,2018,714000,DIESEL,29137,"13,959",MANUAL
Maruti Baleno,Maruti,Baleno,2018,409999,PETROL,26277,"8,016",AUTOMATIC
Maruti Celerio,Maruti,Celerio,2016,419000,PETROL,77319,"8,192",MANUAL
Hyundai Grand,Hyundai,Grand,2015,718000,PETROL,81093,"14,033",MANUAL
Maruti Dzire,Maruti,Dzire,2019,1092000,PETROL,28533,"20,785",AUTOMATIC
KIA SONET,KIA,SONET,2020,448000,PETROL,32712,"8,758",MANUAL
Maruti Celerio,Maruti,Celerio,2016,703000,PETROL,46240,"13,748",MANUAL
Ford Ecosport,Ford,Ecosport,2017,639000,PETROL,47695,"14,214",AUTOMATIC
Renault Duster,Renault,Duster,2015,387000,DIESEL,105373,"18,217",MANUAL
Toyota Etios,Toyota,Etios,2012,956000,DIESEL,115572,"18,197",MANUAL
Tata PUNCH,Tata,PUNCH,2023,421000,PETROL,2806,"13,983",AUTOMATIC
Maruti Swift,Maruti,Swift,2012,416000,PETROL,97265,"9,254",MANUAL
Hyundai Grand,Hyundai,Grand,2014,719000,PETROL,80602,"14,057",MANUAL
Hyundai Elite,Hyundai,Elite,2016,932000,DIESEL,86715,"17,740",MANUAL
Tata PUNCH,Tata,PUNCH,2023,503000,PETROL,14518,"9,834",MANUAL
Maruti Celerio,Maruti,Celerio,2019,413999,PETROL,66087,"8,102",AUTOMATIC
Maruti S,Maruti,S,2019,562000,PETROL,44848,"10,993",MANUAL
Hyundai Grand,Hyundai,Grand,2018,516000,PETROL,42364,"11,478",AUTOMATIC
Maruti Swift,Maruti,Swift,2014,447000,PETROL,41074,"8,739",MANUAL
Hyundai Grand,Hyundai,Grand,2015,983000,PETROL,52074,"18,710",MANUAL
Mahindra XUV300,Mahindra,XUV300,2019,408000,PETROL,41165,"7,976",MANUAL
Maruti Wagon,Maruti,Wagon,2016,897000,PETROL,69324,"17,074",AUTOMATIC
Maruti Ciaz,Maruti,Ciaz,2019,276000,PETROL,49968,"12,994",AUTOMATIC
Hyundai i10,Hyundai,i10,2011,363000,PETROL,47500,"8,075",MANUAL
Maruti Wagon,Maruti,Wagon,2014,1121000,PETROL,35720,"21,337",MANUAL
KIA SONET,KIA,SONET,2020,1159000,PETROL,31141,"22,062",MANUAL
Hyundai VENUE,Hyundai,VENUE,2022,691000,PETROL,35746,"13,514",MANUAL
Hyundai GRAND,Hyundai,GRAND,2019,528000,PETROL,12878,"10,323",AUTOMATIC
Hyundai Grand,Hyundai,Grand,2017,584000,PETROL,34496,"11,416",MANUAL
Honda Jazz,Honda,Jazz,2017,426000,PETROL,55339,"9,476",MANUAL
Hyundai Xcent,Hyundai,Xcent,2014,426999,PETROL,65455,"8,348",MANUAL
Maruti Wagon,Maruti,Wagon,2016,409999,PETROL,23912,"19,300",AUTOMATIC
Maruti Swift,Maruti,Swift,2012,835000,DIESEL,96264,"15,893",MANUAL
Honda City,Honda,City,2018,1211000,PETROL,85702,"23,050",MANUAL
KIA SONET,KIA,SONET,2022,894999,PETROL,9477,"17,036",MANUAL
Hyundai NEW,Hyundai,NEW,2020,412000,PETROL,22995,"9,165",MANUAL
Hyundai Xcent,Hyundai,Xcent,2014,609000,PETROL,67606,"11,899",MANUAL
Maruti S,Maruti,S,2023,667000,PETROL,7370,"13,035",AUTOMATIC
Maruti Celerio,Maruti,Celerio,2021,445000,PETROL,25548,"8,700",AUTOMATIC
Maruti Celerio,Maruti,Celerio,2018,721000,PETROL,80488,"14,089",AUTOMATIC
Maruti S,Maruti,S,2016,422000,DIESEL,78922,"8,250",MANUAL
Hyundai NEW,Hyundai,NEW,2019,250999,PETROL,33609,"8,334",MANUAL
Maruti Alto,Maruti,Alto,2012,290000,PETROL,71979,"13,629",MANUAL
Maruti Wagon,Maruti,Wagon,2011,1898000,PETROL,34408,"36,127",MANUAL
Hyundai ALCAZAR,Hyundai,ALCAZAR,2021,492000,DIESEL,24546,"9,619",AUTOMATIC
Hyundai Grand,Hyundai,Grand,2016,1044000,PETROL,74972,"19,876",MANUAL
Honda City,Honda,City,2018,526000,PETROL,25751,"10,283",AUTOMATIC
Hyundai Grand,Hyundai,Grand,2018,289000,PETROL,91312,"13,604",MANUAL
Maruti Wagon,Maruti,Wagon,2011,363000,PETROL,61600,"9,559",MANUAL
Maruti Wagon,Maruti,Wagon,2013,300000,PETROL,40896,"6,673",MANUAL
Maruti Alto,Maruti,Alto,2014,602000,PETROL,49599,"11,769",MANUAL
Honda Jazz,Honda,Jazz,2015,367000,PETROL,55600,"7,169",AUTOMATIC
Maruti Wagon,Maruti,Wagon,2015,357000,PETROL,45789,"11,859",MANUAL
Honda Jazz,Honda,Jazz,2012,1168000,PETROL,32864,"22,232",MANUAL
Honda City,Honda,City,2019,562000,PETROL,30264,"10,993",AUTOMATIC
Hyundai Grand,Hyundai,Grand,2018,577000,PETROL,50840,"11,280",AUTOMATIC
Maruti S,Maruti,S,2023,499000,PETROL,11631,"9,756",AUTOMATIC
Hyundai Grand,Hyundai,Grand,2015,1134000,PETROL,50784,"21,584",MANUAL
KIA SONET,KIA,SONET,2021,438000,PETROL,21854,"8,563",MANUAL
Maruti Wagon,Maruti,Wagon,2016,778000,PETROL,35322,"15,210",AUTOMATIC
Honda Jazz,Honda,Jazz,2020,1250000,PETROL,62299,"23,794",MANUAL
Hyundai VENUE,Hyundai,VENUE,2022,227999,PETROL,15703,"10,733",AUTOMATIC
Hyundai Eon,Hyundai,Eon,2011,1312000,PETROL,58637,"24,974",MANUAL
KIA SONET,KIA,SONET,2021,1140000,DIESEL,27903,"21,699",AUTOMATIC
Honda City,Honda,City,2019,938000,PETROL,34447,"17,854",AUTOMATIC
Hyundai VENUE,Hyundai,VENUE,2019,470000,PETROL,44309,"12,377",AUTOMATIC
Honda City,Honda,City,2013,651000,PETROL,103965,"12,727",MANUAL
Maruti Baleno,Maruti,Baleno,2017,295000,PETROL,79589,"7,768",AUTOMATIC
Maruti Alto,Maruti,Alto,2013,434999,PETROL,46661,"8,496",MANUAL
Maruti Celerio,Maruti,Celerio,2016,648000,PETROL,62383,"12,670",AUTOMATIC
Maruti Celerio,Maruti,Celerio,2023,2080000,PETROL,3951,"39,591",AUTOMATIC
MG HECTOR,MG,HECTOR,2022,675000,DIESEL,15431,"13,191",MANUAL
Maruti Dzire,Maruti,Dzire,2019,1670000,PETROL,58029,"31,793",MANUAL
KIA SELTOS,KIA,SELTOS,2021,601000,PETROL,30378,"15,827",AUTOMATIC
Renault Duster,Renault,Duster,2014,1292000,DIESEL,80922,"24,592",MANUAL
KIA SONET,KIA,SONET,2021,1872000,PETROL,32031,"35,632",AUTOMATIC
MG HECTOR,MG,HECTOR,2020,613000,DIESEL,12098,"11,984",MANUAL
Hyundai Xcent,Hyundai,Xcent,2017,400000,PETROL,55733,"7,824",MANUAL
Maruti Alto,Maruti,Alto,2017,1395000,PETROL,17897,"26,553",AUTOMATIC
KIA SELTOS,KIA,SELTOS,2019,455000,PETROL,60467,"8,888",AUTOMATIC
Maruti Wagon,Maruti,Wagon,2017,610000,PETROL,84182,"16,064",AUTOMATIC
Renault Duster,Renault,Duster,2014,432000,DIESEL,90841,"8,446",MANUAL
Maruti Celerio,Maruti,Celerio,2016,420000,PETROL,29309,"8,211",MANUAL
Maruti Celerio,Maruti,Celerio,2015,1380000,PETROL,39773,"26,267",MANUAL
KIA SELTOS,KIA,SELTOS,2019,352000,PETROL,66007,"6,875",AUTOMATIC
Maruti Alto,Maruti,Alto,2016,459999,PETROL,19613,"8,993",MANUAL
Maruti Celerio,Maruti,Celerio,2016,613000,PETROL,38929,"11,984",AUTOMATIC
Maruti Baleno,Maruti,Baleno,2017,496000,PETROL,74601,"9,697",AUTOMATIC
Maruti Celerio,Maruti,Celerio,2019,614000,PETROL,23686,"12,004",AUTOMATIC
Maruti Baleno,Maruti,Baleno,2016,673000,PETROL,54853,"13,157",MANUAL
Hyundai NEW,Hyundai,NEW,2020,1744000,PETROL,18062,"33,195",AUTOMATIC
KIA SELTOS,KIA,SELTOS,2022,416000,PETROL,8827,"8,133",MANUAL
Maruti Wagon,Maruti,Wagon,2016,348000,PETROL,48043,"9,164",AUTOMATIC
Nissan Micra,Nissan,Micra,2013,873000,PETROL,63505,"16,617",AUTOMATIC
Mahindra XUV500,Mahindra,XUV500,2017,969999,DIESEL,23745,"18,463",MANUAL
Maruti XL6,Maruti,XL6,2021,869999,PETROL,24293,"16,560",MANUAL
Tata PUNCH,Tata,PUNCH,2022,1927000,PETROL,3572,"36,679",AUTOMATIC
Mahindra XUV700,Mahindra,XUV700,2023,1054000,PETROL,16638,"20,062",AUTOMATIC
Maruti Vitara,Maruti,Vitara,2021,428000,PETROL,22250,"8,367",AUTOMATIC
Maruti IGNIS,Maruti,IGNIS,2018,1364000,PETROL,73809,"25,962",MANUAL
Mahindra XUV300,Mahindra,XUV300,2023,577000,PETROL,5990,"11,280",AUTOMATIC
Maruti Swift,Maruti,Swift,2018,482000,PETROL,37330,"9,423",MANUAL
Hyundai Grand,Hyundai,Grand,2015,372000,PETROL,31281,"7,273",MANUAL
Tata Tiago,Tata,Tiago,2016,764000,PETROL,39182,"14,936",MANUAL
Ford Ecosport,Ford,Ecosport,2017,240000,DIESEL,44703,"4,682",MANUAL
Datsun Redi,Datsun,Redi,2016,706000,PETROL,79233,"13,802",MANUAL
Hyundai Verna,Hyundai,Verna,2018,811999,PETROL,70838,"15,456",MANUAL
Hyundai NEW,Hyundai,NEW,2021,1137000,PETROL,30376,"21,642",MANUAL
Hyundai Creta,Hyundai,Creta,2022,455999,PETROL,15137,"12,017",MANUAL
Toyota Etios,Toyota,Etios,2014,756000,DIESEL,121920,"14,780",MANUAL
Nissan MAGNITE,Nissan,MAGNITE,2021,323000,PETROL,9840,"6,315",MANUAL
Renault Kwid,Renault,Kwid,2017,1085000,PETROL,76813,"20,652",AUTOMATIC
KIA CARENS,KIA,CARENS,2022,1175000,PETROL,41209,"22,365",MANUAL
Volkswagen TAIGUN,Volkswagen,TAIGUN,2021,513999,PETROL,97554,"10,049",MANUAL
Hyundai Grand,Hyundai,Grand,2018,986000,PETROL,43237,"18,768",MANUAL
Mahindra BOLERO,Mahindra,BOLERO,2023,694000,DIESEL,17862,"13,572",MANUAL
Maruti Baleno,Maruti,Baleno,2019,882000,PETROL,59228,"16,788",MANUAL
Skoda Rapid,Skoda,Rapid,2017,210000,DIESEL,62834,"9,885",AUTOMATIC
Maruti Zen,Maruti,Zen,2011,789000,PETROL,69568,"15,425",MANUAL
Skoda Rapid,Skoda,Rapid,2018,651000,PETROL,18349,"12,727",AUTOMATIC
Maruti Swift,Maruti,Swift,2018,984000,PETROL,29716,"18,730",AUTOMATIC
Hyundai VENUE,Hyundai,VENUE,2020,707000,PETROL,29075,"13,822",AUTOMATIC
Renault Duster,Renault,Duster,2019,1024000,PETROL,67575,"19,491",AUTOMATIC
Hyundai Verna,Hyundai,Verna,2019,563000,PETROL,49820,"11,007",AUTOMATIC
Maruti Celerio,Maruti,Celerio,2022,603000,PETROL,28788,"11,789",MANUAL
Honda Jazz,Honda,Jazz,2015,1305000,PETROL,23660,"24,842",AUTOMATIC
Jeep Compass,Jeep,Compass,2018,256000,DIESEL,63398,"5,698",MANUAL
Maruti Alto,Maruti,Alto,2014,991000,PETROL,57348,"18,872",MANUAL
Maruti Baleno,Maruti,Baleno,2023,1415000,PETROL,5154,"26,933",AUTOMATIC
Volkswagen TAIGUN,Volkswagen,TAIGUN,2022,690000,PETROL,7734,"13,490",MANUAL
Tata TIGOR,Tata,TIGOR,2022,843000,PETROL,13622,"16,046",MANUAL
Skoda Rapid,Skoda,Rapid,2017,661000,DIESEL,94742,"14,704",AUTOMATIC
Honda Amaze,Honda,Amaze,2019,508000,DIESEL,130578,"9,931",MANUAL
Maruti Celerio,Maruti,Celerio,2019,754000,PETROL,28904,"14,741",MANUAL
Maruti Vitara,Maruti,Vitara,2016,957000,DIESEL,91544,"18,216",MANUAL
Hyundai Creta,Hyundai,Creta,2017,488999,PETROL,55620,"9,560",AUTOMATIC
Hyundai Grand,Hyundai,Grand,2016,404000,PETROL,42552,"19,018",MANUAL
Hyundai i20,Hyundai,i20,2012,383000,DIESEL,102029,"7,482",MANUAL
Maruti Alto,Maruti,Alto,2019,451000,PETROL,10041,"8,817",MANUAL
Hyundai NEW,Hyundai,NEW,2020,442000,PETROL,29027,"8,636",MANUAL
Maruti S,Maruti,S,2021,360000,PETROL,9677,"8,004",AUTOMATIC
Honda Brio,Honda,Brio,2014,626000,PETROL,73789,"12,238",MANUAL
Maruti Swift,Maruti,Swift,2017,1185000,PETROL,57560,"22,548",MANUAL
Mahindra XUV300,Mahindra,XUV300,2022,684000,PETROL,11911,"13,372",AUTOMATIC
Hyundai GRAND,Hyundai,GRAND,2020,434999,PETROL,10218,"8,504",AUTOMATIC
Hyundai Grand,Hyundai,Grand,2015,285000,PETROL,23523,"6,344",MANUAL
Hyundai Eon,Hyundai,Eon,2014,365000,PETROL,35510,"9,612",MANUAL
Maruti Ritz,Maruti,Ritz,2013,606000,PETROL,73335,"11,854",MANUAL
Hyundai Elite,Hyundai,Elite,2016,413000,DIESEL,76454,"13,718",MANUAL
Hyundai i20,Hyundai,i20,2012,1218000,PETROL,52538,"23,184",MANUAL
Hyundai VENUE,Hyundai,VENUE,2023,453000,PETROL,6278,"8,856",MANUAL
Hyundai Grand,Hyundai,Grand,2015,911999,PETROL,26534,"17,359",MANUAL
Tata NEXON,Tata,NEXON,2023,1903000,PETROL,16129,"36,222",MANUAL
MG HECTOR,MG,HECTOR,2023,1280000,PETROL,15940,"24,364",MANUAL
KIA SONET,KIA,SONET,2022,388000,PETROL,19749,"7,585",AUTOMATIC
Renault Kwid,Renault,Kwid,2017,447000,PETROL,27849,"8,739",AUTOMATIC
Hyundai Grand,Hyundai,Grand,2015,423000,PETROL,24680,"8,270",MANUAL
Tata Zest,Tata,Zest,2017,659000,PETROL,53940,"12,892",MANUAL
Honda City,Honda,City,2016,651000,PETROL,92236,"12,721",AUTOMATIC
Tata Tiago,Tata,Tiago,2020,630000,PETROL,38930,"12,317",AUTOMATIC
Renault TRIBER,Renault,TRIBER,2021,405999,PETROL,14852,"13,472",MANUAL
Hyundai i20,Hyundai,i20,2012,399000,PETROL,99928,"7,801",MANUAL
Maruti Celerio,Maruti,Celerio,2015,692000,PETROL,29628,"13,529",AUTOMATIC
Maruti Swift,Maruti,Swift,2019,429000,PETROL,21955,"8,387",AUTOMATIC
Hyundai Xcent,Hyundai,Xcent,2015,603000,PETROL,54387,"11,789",MANUAL
Maruti Baleno,Maruti,Baleno,2016,555000,PETROL,62524,"10,854",AUTOMATIC
Maruti Swift,Maruti,Swift,2016,1072000,PETROL,70649,"20,405",MANUAL
Toyota Glanza,Toyota,Glanza,2023,532000,PETROL,7757,"10,401",AUTOMATIC
Maruti Baleno,Maruti,Baleno,2018,882000,PETROL,45037,"16,788",MANUAL
Hyundai NEW,Hyundai,NEW,2021,635000,PETROL,31179,"12,414",MANUAL
Tata NEXON,Tata,NEXON,2018,480999,PETROL,38482,"9,404",MANUAL
Mahindra KUV,Mahindra,KUV,2018,590000,PETROL,35107,"11,535",MANUAL
Hyundai Elite,Hyundai,Elite,2016,667000,PETROL,50641,"13,040",MANUAL
Mahindra TUV300,Mahindra,TUV300,2016,582000,DIESEL,54242,"11,378",MANUAL
Renault TRIBER,Renault,TRIBER,2021,1033000,PETROL,4252,"19,662",MANUAL
Maruti Ertiga,Maruti,Ertiga,2022,395000,PETROL,9884,"8,787",MANUAL
Maruti Celerio,Maruti,Celerio,2014,661000,PETROL,29601,"12,923",MANUAL
Ford Ecosport,Ford,Ecosport,2016,1490000,PETROL,21762,"28,361",MANUAL
Mahindra Thar,Mahindra,Thar,2023,843000,PETROL,11796,"18,329",AUTOMATIC
Mahindra XUV500,Mahindra,XUV500,2015,552000,DIESEL,91778,"10,792",MANUAL
Hyundai Elite,Hyundai,Elite,2016,635000,PETROL,58161,"12,414",MANUAL
Hyundai Elite,Hyundai,Elite,2018,631000,PETROL,32293,"12,336",AUTOMATIC
Maruti Baleno,Maruti,Baleno,2017,455999,PETROL,31727,"8,915",MANUAL
Hyundai Xcent,Hyundai,Xcent,2018,893000,PETROL,73536,"16,997",MANUAL
Honda Jazz,Honda,Jazz,2021,853999,PETROL,42493,"16,255",AUTOMATIC
Hyundai Verna,Hyundai,Verna,2018,605000,PETROL,78703,"11,828",MANUAL
Renault TRIBER,Renault,TRIBER,2020,654000,PETROL,42247,"12,786",MANUAL
Maruti Baleno,Maruti,Baleno,2018,698000,PETROL,61005,"13,646",MANUAL
Tata Tiago,Tata,Tiago,2022,595000,PETROL,6541,"11,632",AUTOMATIC
Ford Ecosport,Ford,Ecosport,2016,1119000,PETROL,93059,"21,299",MANUAL
Maruti Grand,Maruti,Grand,2023,370000,PETROL,20888,"7,234",MANUAL
Honda Brio,Honda,Brio,2015,651000,PETROL,70257,"12,727",MANUAL
Hyundai Elite,Hyundai,Elite,2016,393000,PETROL,17344,"10,349",MANUAL
Volkswagen Polo,Volkswagen,Polo,2014,493000,DIESEL,90678,"9,638",MANUAL
Hyundai Elite,Hyundai,Elite,2015,1375000,PETROL,88718,"26,172",MANUAL
Tata Harrier,Tata,Harrier,2021,606000,DIESEL,46225,"11,847",MANUAL
Honda City,Honda,City,2015,1362000,PETROL,60317,"25,924",MANUAL
Jeep Compass,Jeep,Compass,2020,1088000,PETROL,55863,"20,709",AUTOMATIC
Hyundai NEW,Hyundai,NEW,2022,361000,PETROL,9193,"7,058",MANUAL
Tata Tiago,Tata,Tiago,2016,254000,PETROL,53919,"4,966",MANUAL
Datsun Redi,Datsun,Redi,2019,592000,PETROL,25135,"13,169",MANUAL
Nissan Terrano,Nissan,Terrano,2015,445000,DIESEL,65385,"8,700",MANUAL
Maruti Eeco,Maruti,Eeco,2018,2702000,PETROL,66374,"51,430",MANUAL
Toyota Innova,Toyota,Innova,2022,569000,DIESEL,3597,"11,124",MANUAL
Hyundai Elite,Hyundai,Elite,2017,473000,PETROL,10914,"15,710",MANUAL
Ford Ecosport,Ford,Ecosport,2013,453000,DIESEL,79454,"8,856",MANUAL
Tata Tiago,Tata,Tiago,2018,568000,PETROL,72597,"11,105",MANUAL
Maruti IGNIS,Maruti,IGNIS,2020,432000,PETROL,30628,"14,349",MANUAL
Renault Duster,Renault,Duster,2013,596000,DIESEL,88309,"11,652",MANUAL
Mahindra TUV300,Mahindra,TUV300,2016,547000,DIESEL,38328,"12,159",MANUAL
Maruti Ciaz,Maruti,Ciaz,2014,758000,PETROL,70337,"14,819",MANUAL
Tata PUNCH,Tata,PUNCH,2021,500000,PETROL,4700,"9,775",MANUAL
Hyundai Grand,Hyundai,Grand,2017,388000,PETROL,45003,"12,887",MANUAL
Maruti Swift,Maruti,Swift,2012,326000,PETROL,105772,"6,373",MANUAL
Maruti OMNI,Maruti,OMNI,2017,971000,PETROL,20461,"18,482",MANUAL
KIA SELTOS,KIA,SELTOS,2019,568000,PETROL,47181,"11,105",MANUAL
Tata Tiago,Tata,Tiago,2020,597000,PETROL,25101,"11,671",MANUAL
Honda City,Honda,City,2015,271000,PETROL,40477,"12,757",MANUAL
Hyundai i10,Hyundai,i10,2011,743000,PETROL,72455,"14,526",MANUAL
Hyundai Elite,Hyundai,Elite,2019,611000,PETROL,38639,"11,945",AUTOMATIC
Renault TRIBER,Renault,TRIBER,2020,378000,PETROL,41840,"7,390",MANUAL
Tata Tiago,Tata,Tiago,2016,455000,PETROL,70208,"8,895",MANUAL
Tata Tiago,Tata,Tiago,2017,349000,PETROL,28606,"11,592",MANUAL
Hyundai i20,Hyundai,i20,2012,547000,PETROL,64048,"12,168",MANUAL
Honda City,Honda,City,2014,408000,PETROL,55894,"10,744",MANUAL
Hyundai i20,Hyundai,i20,2013,336000,PETROL,78316,"8,848",MANUAL
Hyundai Grand,Hyundai,Grand,2013,625000,PETROL,87459,"12,219",MANUAL
Maruti Dzire,Maruti,Dzire,2017,799000,PETROL,29486,"15,621",AUTOMATIC
Honda City,Honda,City,2018,567000,PETROL,70183,"11,085",MANUAL
Hyundai Elite,Hyundai,Elite,2017,571000,PETROL,78959,"12,702",MANUAL
Maruti Ertiga,Maruti,Ertiga,2014,559000,PETROL,92745,"10,929",MANUAL
Honda City,Honda,City,2015,656000,PETROL,71841,"12,825",MANUAL
Hyundai GRAND,Hyundai,GRAND,2020,436000,PETROL,45834,"8,524",AUTOMATIC
Hyundai Grand,Hyundai,Grand,2017,891000,PETROL,96375,"16,959",MANUAL
Honda City,Honda,City,2018,377000,PETROL,38673,"7,370",MANUAL
Renault Kwid,Renault,Kwid,2018,473000,PETROL,29224,"9,247",AUTOMATIC
Maruti Eeco,Maruti,Eeco,2019,655000,PETROL,24968,"12,805",MANUAL
Maruti Ciaz,Maruti,Ciaz,2018,450000,PETROL,91521,"10,010",MANUAL
Maruti Swift,Maruti,Swift,2014,1116000,PETROL,89872,"21,242",MANUAL
KIA SELTOS,KIA,SELTOS,2021,703000,PETROL,43811,"13,744",MANUAL
Tata ALTROZ,Tata,ALTROZ,2020,902999,PETROL,34901,"17,188",MANUAL
Hyundai Creta,Hyundai,Creta,2017,416000,PETROL,61235,"10,955",MANUAL
Volkswagen Polo,Volkswagen,Polo,2013,764000,PETROL,85861,"14,942",MANUAL
Mahindra XUV300,Mahindra,XUV300,2019,377000,PETROL,42731,"8,386",MANUAL
Maruti Celerio,Maruti,Celerio,2014,928999,PETROL,14522,"17,683",AUTOMATIC
Hyundai Verna,Hyundai,Verna,2019,890000,PETROL,37380,"16,940",AUTOMATIC
Tata NEXON,Tata,NEXON,2020,1232000,PETROL,40443,"23,450",AUTOMATIC
KIA SELTOS,KIA,SELTOS,2022,536000,PETROL,28803,"10,479",MANUAL
Mahindra KUV,Mahindra,KUV,2018,926000,PETROL,5291,"17,626",MANUAL
Renault Duster,Renault,Duster,2021,1030000,PETROL,18262,"19,605",MANUAL
Tata NEXON,Tata,NEXON,2021,728000,PETROL,35445,"14,233",AUTOMATIC
Maruti Swift,Maruti,Swift,2023,307000,PETROL,13994,"6,002",AUTOMATIC
Renault Kwid,Renault,Kwid,2015,872000,PETROL,44512,"16,598",MANUAL
Tata NEXON,Tata,NEXON,2018,646000,DIESEL,63671,"14,370",AUTOMATIC
Maruti Dzire,Maruti,Dzire,2017,1846000,DIESEL,121318,"35,137",MANUAL
Hyundai Creta,Hyundai,Creta,2022,298000,DIESEL,27509,"5,826",AUTOMATIC
Datsun Redi,Datsun,Redi,2018,432000,PETROL,38846,"11,376",MANUAL
Hyundai i20,Hyundai,i20,2014,376000,DIESEL,102555,"8,364",MANUAL
Hyundai Xcent,Hyundai,Xcent,2014,274000,PETROL,82065,"6,095",MANUAL
Hyundai Santro,Hyundai,Santro,2014,868000,PETROL,74647,"16,522",MANUAL
Renault Duster,Renault,Duster,2020,1056000,PETROL,41619,"20,100",MANUAL
Hyundai Creta,Hyundai,Creta,2019,625000,PETROL,36336,"12,219",MANUAL
Honda City,Honda,City,2016,388000,PETROL,58750,"7,585",MANUAL
Renault Kwid,Renault,Kwid,2019,1666000,PETROL,27220,"31,711",MANUAL
MG HECTOR,MG,HECTOR,2022,664000,PETROL,37636,"12,981",MANUAL
Maruti Baleno,Maruti,Baleno,2016,754000,PETROL,27306,"14,735",MANUAL
Hyundai GRAND,Hyundai,GRAND,2023,676000,PETROL,11028,"13,216",MANUAL
Hyundai GRAND,Hyundai,GRAND,2020,252000,PETROL,17285,"5,606",AUTOMATIC
Hyundai Santro,Hyundai,Santro,2014,757000,PETROL,69029,"19,935",MANUAL
Mahindra XUV500,Mahindra,XUV500,2014,797000,DIESEL,93087,"15,582",MANUAL
Maruti Vitara,Maruti,Vitara,2016,806000,DIESEL,58038,"15,341",MANUAL
Mahindra TUV300,Mahindra,TUV300,2017,517000,DIESEL,32940,"10,107",MANUAL
Maruti Ciaz,Maruti,Ciaz,2015,359000,PETROL,95738,"7,019",MANUAL
Maruti Wagon,Maruti,Wagon,2015,1086000,PETROL,77640,"20,671",MANUAL
Volkswagen Vento,Volkswagen,Vento,2020,1521000,PETROL,20510,"28,951",AUTOMATIC
Mahindra XUV500,Mahindra,XUV500,2018,482000,DIESEL,60820,"9,413",AUTOMATIC
Maruti Celerio,Maruti,Celerio,2018,515000,PETROL,39085,"11,460",MANUAL
Honda City,Honda,City,2014,352000,PETROL,74032,"6,874",MANUAL
Renault Kwid,Renault,Kwid,2017,728000,PETROL,32890,"14,233",AUTOMATIC
Maruti Swift,Maruti,Swift,2019,1211000,PETROL,25462,"23,045",MANUAL
Honda City,Honda,City,2022,1118000,PETROL,42212,"21,280",MANUAL
Hyundai Creta,Hyundai,Creta,2019,1364000,PETROL,48476,"25,962",MANUAL
Maruti Ertiga,Maruti,Ertiga,2023,332000,PETROL,11016,"7,385",AUTOMATIC
Maruti Wagon,Maruti,Wagon,2015,447000,PETROL,110669,"8,739",MANUAL
Hyundai Grand,Hyundai,Grand,2016,496000,PETROL,49460,"11,033",MANUAL
Hyundai Grand,Hyundai,Grand,2018,703000,PETROL,117675,"13,744",MANUAL
Tata TIGOR,Tata,TIGOR,2020,394000,PETROL,33984,"13,092",AUTOMATIC
Hyundai i20,Hyundai,i20,2012,323000,PETROL,62951,"7,185",MANUAL
Maruti Celerio,Maruti,Celerio,2014,628000,PETROL,96979,"12,278",MANUAL
Tata Tiago,Tata,Tiago,2020,401999,PETROL,26526,"7,859",AUTOMATIC
Tata Tiago,Tata,Tiago,2017,766000,PETROL,67872,"14,975",MANUAL
Renault Duster,Renault,Duster,2018,280000,PETROL,69110,"6,228",AUTOMATIC
Maruti Alto,Maruti,Alto,2014,1689999,PETROL,63792,"32,168",MANUAL
KIA CARENS,KIA,CARENS,2022,581000,PETROL,11437,"11,359",MANUAL
Honda Jazz,Honda,Jazz,2017,1035000,PETROL,59350,"19,700",AUTOMATIC
Mahindra XUV300,Mahindra,XUV300,2023,1081000,PETROL,10190,"20,570",MANUAL
Renault Duster,Renault,Duster,2021,599000,PETROL,22588,"11,711",MANUAL
Hyundai i20,Hyundai,i20,2016,411000,DIESEL,82644,"10,823",MANUAL
Hyundai i10,Hyundai,i10,2013,420000,PETROL,61285,"8,211",MANUAL
Maruti Celerio,Maruti,Celerio,2016,721000,PETROL,28404,"14,096",AUTOMATIC
Renault Duster,Renault,Duster,2018,503000,PETROL,29311,"9,838",AUTOMATIC
Hyundai Grand,Hyundai,Grand,2017,338000,PETROL,28474,"8,901",MANUAL
Honda Brio,Honda,Brio,2013,760000,PETROL,27050,"14,858",MANUAL
Ford Ecosport,Ford,Ecosport,2018,397000,PETROL,48498,"7,761",MANUAL
Maruti Wagon,Maruti,Wagon,2016,863000,PETROL,40428,"16,426",AUTOMATIC
Maruti Baleno,Maruti,Baleno,2021,627000,PETROL,29413,"12,258",AUTOMATIC
Ford Ecosport,Ford,Ecosport,2016,540000,DIESEL,98741,"10,557",MANUAL
Hyundai Elite,Hyundai,Elite,2016,384000,PETROL,55009,"8,535",MANUAL
Hyundai Grand,Hyundai,Grand,2014,479000,PETROL,76725,"9,365",MANUAL
Maruti S,Maruti,S,2020,436000,PETROL,24864,"8,524",AUTOMATIC
Maruti S,Maruti,S,2020,279000,PETROL,21196,"9,283",MANUAL
Maruti A,Maruti,A,2012,708000,PETROL,71079,"13,842",MANUAL
Maruti Baleno,Maruti,Baleno,2018,404000,PETROL,26449,"7,898",MANUAL
Maruti Celerio,Maruti,Celerio,2015,607000,PETROL,52643,"28,574",AUTOMATIC
Maruti Ertiga,Maruti,Ertiga,2012,397000,DIESEL,106213,"8,831",MANUAL
Maruti Celerio,Maruti,Celerio,2017,469000,PETROL,30660,"9,169",AUTOMATIC
Mahindra XUV500,Mahindra,XUV500,2014,771000,DIESEL,92368,"20,303",MANUAL
Hyundai Creta,Hyundai,Creta,2019,1122000,DIESEL,43987,"21,356",MANUAL
Maruti Baleno,Maruti,Baleno,2017,648000,PETROL,22396,"12,669",MANUAL
Honda Jazz,Honda,Jazz,2016,554000,PETROL,74069,"10,831",AUTOMATIC
Tata NEXON,Tata,NEXON,2020,1005000,PETROL,46447,"19,129",MANUAL
Hyundai Grand,Hyundai,Grand,2015,419000,PETROL,99767,"8,192",MANUAL
Maruti Alto,Maruti,Alto,2016,416000,PETROL,15385,"8,133",AUTOMATIC
Honda Jazz,Honda,Jazz,2015,424000,PETROL,99867,"8,289",MANUAL
Maruti Celerio,Maruti,Celerio,2016,442000,PETROL,62447,"8,646",AUTOMATIC
Maruti Wagon,Maruti,Wagon,2015,387000,PETROL,27184,"7,566",MANUAL
Hyundai Elite,Hyundai,Elite,2019,711000,PETROL,25298,"13,900",MANUAL
Toyota Glanza,Toyota,Glanza,2019,688000,PETROL,53435,"13,451",MANUAL
Hyundai Grand,Hyundai,Grand,2017,476999,PETROL,27218,"9,325",MANUAL
Honda WR-V,Honda,WR-V,2017,776000,DIESEL,56702,"15,171",MANUAL
Toyota Glanza,Toyota,Glanza,2021,798000,PETROL,21442,"15,601",MANUAL
Maruti Swift,Maruti,Swift,2016,591000,PETROL,14031,"11,554",MANUAL
Maruti Swift,Maruti,Swift,2014,482000,PETROL,61615,"10,722",MANUAL
Hyundai Creta,Hyundai,Creta,2020,1489000,PETROL,38702,"28,342",AUTOMATIC
Maruti Celerio,Maruti,Celerio,2017,454000,PETROL,57214,"8,874",MANUAL
Hyundai Grand,Hyundai,Grand,2015,472000,PETROL,39916,"9,228",MANUAL
Tata Tiago,Tata,Tiago,2016,359000,PETROL,86034,"7,019",MANUAL
Hyundai NEW,Hyundai,NEW,2020,811999,PETROL,28806,"15,462",MANUAL
Honda City,Honda,City,2015,604000,PETROL,52322,"11,808",MANUAL
Maruti Baleno,Maruti,Baleno,2016,531000,PETROL,83635,"10,381",AUTOMATIC
Renault Duster,Renault,Duster,2020,744000,PETROL,95849,"14,545",MANUAL
Hyundai Grand,Hyundai,Grand,2018,498000,PETROL,33903,"9,736",MANUAL
Maruti Swift,Maruti,Swift,2023,761000,PETROL,9075,"14,878",MANUAL
Maruti Swift,Maruti,Swift,2018,665000,PETROL,54397,"13,001",AUTOMATIC
Nissan MAGNITE,Nissan,MAGNITE,2022,918000,PETROL,5275,"17,473",AUTOMATIC
Maruti Swift,Maruti,Swift,2014,420000,PETROL,95421,"9,343",MANUAL
MG HECTOR,MG,HECTOR,2019,1447000,DIESEL,49559,"27,542",MANUAL
Maruti Baleno,Maruti,Baleno,2018,669000,PETROL,52083,"13,079",MANUAL
Maruti Celerio,Maruti,Celerio,2018,463000,PETROL,19171,"9,052",MANUAL
Tata Tiago,Tata,Tiago,2016,441000,PETROL,48738,"8,622",MANUAL
Tata PUNCH,Tata,PUNCH,2023,953999,PETROL,1848,"18,159",AUTOMATIC
Maruti Baleno,Maruti,Baleno,2017,664000,PETROL,49591,"12,980",MANUAL
